Firstdate,Lastdate,Nusers,Mean_dr,Sum_dr
2014-12-22,2015-01-20,37, 25.64244719754161, 948.7705463090396
2014-12-23,2015-01-21,42, 24.21749349618465, 1017.1347268397553
2014-12-24,2015-01-22,47, 23.86767198826753, 1121.780583448574
2014-12-25,2015-01-23,50, 23.90531178324466, 1195.265589162233
2014-12-26,2015-01-24,49, 25.076364555895513, 1228.7418632388801
2014-12-27,2015-01-25,55, 24.16885656304112, 1329.2871109672617
2014-12-28,2015-01-26,55, 24.676796331268314, 1357.2237982197573
2014-12-29,2015-01-27,50, 25.39688111785914, 1269.8440558929572
2014-12-30,2015-01-28,50, 26.42855725561563, 1321.4278627807814
2014-12-31,2015-01-29,50, 25.899819279666232, 1294.9909639833115
2015-01-01,2015-01-30,42, 27.60057243628883, 1159.2240423241308
2015-01-02,2015-01-31,47, 27.00737506152942, 1269.3466278918827
2015-01-03,2015-02-01,48, 26.05022110085427, 1250.4106128410049
2015-01-04,2015-02-02,51, 24.877381557927276, 1268.746459454291
2015-01-05,2015-02-03,61, 23.229308301365453, 1416.9878063832925
2015-01-06,2015-02-04,64, 22.47744184652955, 1438.5562781778913
2015-01-07,2015-02-05,64, 22.407020269859117, 1434.0492972709835
2015-01-08,2015-02-06,57, 22.536692277549488, 1284.5914598203208
2015-01-09,2015-02-07,58, 22.127343780635776, 1283.385939276875
2015-01-10,2015-02-08,46, 26.39835879201644, 1214.3245044327564
2015-01-11,2015-02-09,50, 25.362649238118514, 1268.1324619059258
2015-01-12,2015-02-10,48, 25.25147798063196, 1212.0709430703341
2015-01-13,2015-02-11,50, 26.73511140554124, 1336.755570277062
2015-01-14,2015-02-12,49, 26.489675934512746, 1297.9941207911245
2015-01-15,2015-02-13,53, 25.327479494984704, 1342.3564132341894
2015-01-16,2015-02-14,52, 25.312285867605627, 1316.2388651154927
2015-01-17,2015-02-15,47, 27.31887066508929, 1283.9869212591966
2015-01-18,2015-02-16,60, 24.039135019557726, 1442.3481011734636
2015-01-19,2015-02-17,76, 23.52266812177823, 1787.7227772551455
2015-01-20,2015-02-18,81, 22.13680666993298, 1793.0813402645713
2015-01-21,2015-02-19,88, 21.01977520114983, 1849.740217701185
2015-01-22,2015-02-20,84, 22.66963735830279, 1904.2495380974344
2015-01-23,2015-02-21,75, 23.703771720128284, 1777.7828790096214
2015-01-24,2015-02-22,74, 25.1494479197508, 1861.0591460615592
2015-01-25,2015-02-23,75, 24.332210977081523, 1824.9158232811142
2015-01-26,2015-02-24,74, 24.335024981411973, 1800.791848624486
2015-01-27,2015-02-25,73, 26.69071067230069, 1948.4218790779503
2015-01-28,2015-02-26,71, 27.533900582077123, 1954.9069413274758
2015-01-29,2015-02-27,74, 28.5368674750256, 2111.728193151894
2015-01-30,2015-02-28,78, 28.75824495767224, 2243.1431066984346
2015-01-31,2015-03-01,87, 27.56933269843921, 2398.5319447642114
2015-02-01,2015-03-02,89, 28.21145338096782, 2510.819350906136
2015-02-02,2015-03-03,85, 29.0285107037453, 2467.4234098183506
2015-02-03,2015-03-04,95, 28.59947427517636, 2716.950056141754
2015-02-04,2015-03-05,96, 28.732968357871993, 2758.364962355711
2015-02-05,2015-03-06,105, 27.556912631714052, 2893.4758263299755
2015-02-06,2015-03-07,107, 27.091952543207565, 2898.8389221232096
2015-02-07,2015-03-08,98, 26.90954657102873, 2637.1355639608155
2015-02-08,2015-03-09,96, 26.374742463956967, 2531.975276539869
2015-02-09,2015-03-10,100, 25.26960186561717, 2526.960186561717
2015-02-10,2015-03-11,106, 25.171165439986222, 2668.1435366385394
2015-02-11,2015-03-12,109, 25.009504732137287, 2726.0360158029644
2015-02-12,2015-03-13,112, 24.770778223245234, 2774.3271610034662
2015-02-13,2015-03-14,109, 25.294118869120517, 2757.0589567341362
2015-02-14,2015-03-15,115, 23.999531717485304, 2759.94614751081
2015-02-15,2015-03-16,113, 23.87019469108734, 2697.3320000928697
2015-02-16,2015-03-17,121, 23.535113956923254, 2847.7487887877137
2015-02-17,2015-03-18,122, 22.96830142631725, 2802.1327740107045
2015-02-18,2015-03-19,128, 23.022901995781453, 2946.931455460026
2015-02-19,2015-03-20,126, 23.692257403652327, 2985.2244328601932
2015-02-20,2015-03-21,123, 23.66968491753557, 2911.371244856875
2015-02-21,2015-03-22,119, 23.60706078030788, 2809.2402328566377
2015-02-22,2015-03-23,117, 23.521660365531933, 2752.034262767236
2015-02-23,2015-03-24,118, 24.2388655896368, 2860.186139577142
2015-02-24,2015-03-25,123, 23.203996190118623, 2854.091531384591
2015-02-25,2015-03-26,129, 22.50869183150153, 2903.6212462636972
2015-02-26,2015-03-27,125, 22.19948119962341, 2774.935149952926
2015-02-27,2015-03-28,135, 21.505614096362397, 2903.2579030089237
2015-02-28,2015-03-29,131, 21.09286482475292, 2763.1652920426322
2015-03-01,2015-03-30,127, 21.476997248934097, 2727.5786506146305
2015-03-02,2015-03-31,130, 20.96059692900496, 2724.8776007706447
2015-03-03,2015-04-01,120, 21.789988503532946, 2614.7986204239537
2015-03-04,2015-04-02,122, 21.25627045111832, 2593.264995036435
2015-03-05,2015-04-03,118, 21.02046078553308, 2480.4143726929033
2015-03-06,2015-04-04,112, 21.945376049031967, 2457.88211749158
2015-03-07,2015-04-05,109, 22.780192024257165, 2483.040930644031
2015-03-08,2015-04-06,113, 22.68665801527294, 2563.592355725842
2015-03-09,2015-04-07,111, 23.135228413574172, 2568.010353906733
2015-03-10,2015-04-08,110, 22.329963681320155, 2456.296004945217
2015-03-11,2015-04-09,105, 22.77018917189988, 2390.8698630494873
2015-03-12,2015-04-10,107, 23.35950899009715, 2499.467461940395
2015-03-13,2015-04-11,104, 22.873199012621118, 2378.8126973125964
2015-03-14,2015-04-12,101, 23.37308137637751, 2360.6812190141286
2015-03-15,2015-04-13,98, 23.180876254093405, 2271.7258729011537
2015-03-16,2015-04-14,100, 23.424959711115477, 2342.4959711115475
2015-03-17,2015-04-15,103, 23.638814531686894, 2434.79789676375
2015-03-18,2015-04-16,107, 24.381426418408786, 2608.8126267697403
2015-03-19,2015-04-17,118, 23.548921766717935, 2778.7727684727165
2015-03-20,2015-04-18,119, 23.79527214684542, 2831.637385474605
2015-03-21,2015-04-19,129, 24.38874277491534, 3146.147817964079
2015-03-22,2015-04-20,129, 24.635629524664033, 3177.9962086816604
2015-03-23,2015-04-21,132, 25.31375203335298, 3341.4152684025935
2015-03-24,2015-04-22,137, 25.56324362782554, 3502.164377012099
2015-03-25,2015-04-23,154, 24.06207551913099, 3705.559629946172
2015-03-26,2015-04-24,157, 23.67346838533686, 3716.7345364978873
2015-03-27,2015-04-25,157, 23.190252282880678, 3640.869608412266
2015-03-28,2015-04-26,147, 23.96886549106329, 3523.423227186304
2015-03-29,2015-04-27,129, 25.370868128708405, 3272.8419886033844
2015-03-30,2015-04-28,126, 26.439971294628425, 3331.4363831231817
2015-03-31,2015-04-29,122, 27.006764855068706, 3294.825312318382
2015-04-01,2015-04-30,127, 25.86446829056341, 3284.787472901553
2015-04-02,2015-05-01,127, 25.56422032938071, 3246.6559818313503
2015-04-03,2015-05-02,134, 25.75481228547283, 3451.1448462533594
2015-04-04,2015-05-03,129, 26.522763091901673, 3421.436438855316
2015-04-05,2015-05-04,138, 25.352113814953444, 3498.5917064635755
2015-04-06,2015-05-05,130, 26.29094949344942, 3417.823434148425
2015-04-07,2015-05-06,137, 25.846769364795943, 3541.007402977044
2015-04-08,2015-05-07,139, 25.402007737475124, 3530.879075509042
2015-04-09,2015-05-08,151, 24.587537211859733, 3712.7181189908197
2015-04-10,2015-05-09,151, 25.608179407454962, 3866.8350905256993
2015-04-11,2015-05-10,157, 25.47047509181033, 3998.8645894142214
2015-04-12,2015-05-11,155, 25.64336251572496, 3974.7211899373688
2015-04-13,2015-05-12,154, 25.81009904003474, 3974.7552521653497
2015-04-14,2015-05-13,160, 25.24202166927855, 4038.723467084568
2015-04-15,2015-05-14,166, 24.986281600477014, 4147.722745679184
2015-04-16,2015-05-15,166, 25.011520145029092, 4151.912344074829
2015-04-17,2015-05-16,176, 24.180443704484404, 4255.758091989255
2015-04-18,2015-05-17,162, 25.28010565187206, 4095.3771156032735
2015-04-19,2015-05-18,169, 25.722713853460597, 4347.138641234841
2015-04-20,2015-05-19,172, 26.499428081680698, 4557.90163004908
2015-04-21,2015-05-20,164, 27.576729815351484, 4522.583689717643
2015-04-22,2015-05-21,162, 27.808842671888996, 4505.032512846017
2015-04-23,2015-05-22,157, 28.690225410267235, 4504.365389411956
2015-04-24,2015-05-23,158, 28.983345427069242, 4579.36857747694
2015-04-25,2015-05-24,150, 29.876785375026046, 4481.517806253907
2015-04-26,2015-05-25,153, 29.178534645270453, 4464.315800726379
2015-04-27,2015-05-26,159, 29.470824139261307, 4685.861038142548
2015-04-28,2015-05-27,167, 29.351216389350984, 4901.653137021614
2015-04-29,2015-05-28,161, 30.679074498219215, 4939.330994213294
2015-04-30,2015-05-29,175, 29.845348177614774, 5222.935931082586
2015-05-01,2015-05-30,195, 29.048809172533016, 5664.517788643938
2015-05-02,2015-05-31,183, 30.89361182402305, 5653.530963796218
2015-05-03,2015-06-01,181, 32.353175842123456, 5855.9248274243455
2015-05-04,2015-06-02,183, 33.08749759646141, 6055.012060152438
2015-05-05,2015-06-03,196, 32.33665044403881, 6337.983487031606
2015-05-06,2015-06-04,190, 32.72553006377814, 6217.850712117846
2015-05-07,2015-06-05,186, 33.402807632550264, 6212.92221965435
2015-05-08,2015-06-06,184, 33.62339887146441, 6186.705392349451
2015-05-09,2015-06-07,184, 33.36960724173625, 6140.007732479469
2015-05-10,2015-06-08,184, 33.24504777554579, 6117.088790700426
2015-05-11,2015-06-09,185, 33.16862668339423, 6136.195936427932
2015-05-12,2015-06-10,193, 32.91477868404949, 6352.5522860215515
2015-05-13,2015-06-11,185, 33.43698575230396, 6185.842364176233
2015-05-14,2015-06-12,174, 34.365785837630895, 5979.646735747776
2015-05-15,2015-06-13,173, 33.83743966834346, 5853.877062623418
2015-05-16,2015-06-14,183, 33.598045083781486, 6148.442250332012
2015-05-17,2015-06-15,173, 34.01837583752327, 5885.179019891526
2015-05-18,2015-06-16,187, 32.4301605922667, 6064.4400307538735
2015-05-19,2015-06-17,171, 34.202709020501175, 5848.6632425057005
2015-05-20,2015-06-18,172, 33.992359986775234, 5846.68591772534
2015-05-21,2015-06-19,170, 33.67744663442687, 5725.1659278525685
2015-05-22,2015-06-20,176, 32.994506138039014, 5807.0330802948665
2015-05-23,2015-06-21,169, 34.01405385238227, 5748.375101052603
2015-05-24,2015-06-22,162, 35.30347214435232, 5719.162487385076
2015-05-25,2015-06-23,169, 33.972260940939215, 5741.312099018727
2015-05-26,2015-06-24,164, 34.55737328807394, 5667.409219244126
2015-05-27,2015-06-25,168, 33.745699353342864, 5669.277491361601
2015-05-28,2015-06-26,187, 31.9201627550111, 5969.070435187075
2015-05-29,2015-06-27,189, 31.692493479618534, 5989.881267647903
2015-05-30,2015-06-28,197, 31.50476502991957, 6206.4387108941555
2015-05-31,2015-06-29,188, 32.30122608808356, 6072.630504559709
2015-06-01,2015-06-30,180, 34.260222246573456, 6166.840004383222
2015-06-02,2015-07-01,189, 33.977347757583956, 6421.718726183368
2015-06-03,2015-07-02,176, 35.01580275099743, 6162.781284175548
2015-06-04,2015-07-03,187, 33.09641833014493, 6189.030227737101
2015-06-05,2015-07-04,190, 32.53879517188363, 6182.371082657889
2015-06-06,2015-07-05,203, 31.185468380409944, 6330.650081223219
2015-06-07,2015-07-06,195, 32.45088198493636, 6327.921987062589
2015-06-08,2015-07-07,203, 32.27904073946815, 6552.645270112034
2015-06-09,2015-07-08,212, 32.21351780780252, 6829.2657752541345
2015-06-10,2015-07-09,200, 33.02434467362963, 6604.868934725926
2015-06-11,2015-07-10,187, 33.64414252285243, 6291.454651773403
2015-06-12,2015-07-11,185, 34.38299303703719, 6360.85371185188
2015-06-13,2015-07-12,194, 33.38171908498402, 6476.0535024869
2015-06-14,2015-07-13,191, 33.24868531451436, 6350.498895072244
2015-06-15,2015-07-14,185, 35.138870284904755, 6500.69100270738
2015-06-16,2015-07-15,184, 35.228466710486174, 6482.037874729456
2015-06-17,2015-07-16,190, 35.350275052550764, 6716.552259984645
2015-06-18,2015-07-17,198, 34.02976194039074, 6737.892864197367
2015-06-19,2015-07-18,207, 33.486395929405866, 6931.683957387015
2015-06-20,2015-07-19,209, 33.677697668124786, 7038.638812638081
2015-06-21,2015-07-20,220, 33.51738215299366, 7373.824073658606
2015-06-22,2015-07-21,225, 34.1934025195101, 7693.515566889773
2015-06-23,2015-07-22,215, 33.82349713092688, 7272.051883149279
2015-06-24,2015-07-23,226, 33.354817164407606, 7538.188679156119
2015-06-25,2015-07-24,229, 32.81972048559947, 7515.715991202279
2015-06-26,2015-07-25,228, 31.9661223169622, 7288.275888267382
2015-06-27,2015-07-26,238, 31.327369250837645, 7455.913881699359
2015-06-28,2015-07-27,246, 31.285995703720594, 7696.354943115266
2015-06-29,2015-07-28,228, 32.94560431415945, 7511.597783628355
2015-06-30,2015-07-29,237, 32.530367839887454, 7709.697178053326
2015-07-01,2015-07-30,244, 32.950866592368754, 8040.011448537976
2015-07-02,2015-07-31,242, 33.03266600237246, 7993.905172574136
2015-07-03,2015-08-01,232, 33.90734442633389, 7866.503906909464
2015-07-04,2015-08-02,235, 33.66342015001889, 7910.903735254438
2015-07-05,2015-08-03,250, 32.666721504355344, 8166.680376088836
2015-07-06,2015-08-04,259, 32.289299977044166, 8362.928694054439
2015-07-07,2015-08-05,252, 33.074005932257506, 8334.649494928892
2015-07-08,2015-08-06,246, 33.749953439555284, 8302.4885461306
2015-07-09,2015-08-07,245, 33.621228925485234, 8237.201086743882
2015-07-10,2015-08-08,258, 33.24942362108801, 8578.351294240707
2015-07-11,2015-08-09,264, 33.32395056311345, 8797.52294866195
2015-07-12,2015-08-10,254, 34.26635725249145, 8703.654742132829
2015-07-13,2015-08-11,260, 34.53900009120995, 8980.140023714586
2015-07-14,2015-08-12,267, 34.50268435832275, 9212.216723672174
2015-07-15,2015-08-13,266, 35.390461783382875, 9413.862834379845
2015-07-16,2015-08-14,275, 35.178454889229336, 9674.075094538068
2015-07-17,2015-08-15,277, 34.34601747348843, 9513.846840156295
2015-07-18,2015-08-16,287, 34.925071138538705, 10023.495416760608
2015-07-19,2015-08-17,296, 34.64153237216515, 10253.893582160885
2015-07-20,2015-08-18,307, 34.86156922688284, 10702.501752653032
2015-07-21,2015-08-19,316, 34.89934154106584, 11028.191926976804
2015-07-22,2015-08-20,317, 34.967734725896136, 11084.771908109075
2015-07-23,2015-08-21,311, 35.09372915625247, 10914.14976759452
2015-07-24,2015-08-22,309, 35.53512855383415, 10980.354723134751
2015-07-25,2015-08-23,298, 36.27029971526359, 10808.54931514855
2015-07-26,2015-08-24,283, 37.526738175124976, 10620.066903560368
2015-07-27,2015-08-25,299, 37.09398107248805, 11091.100340673927
2015-07-28,2015-08-26,301, 37.71931158399433, 11353.512786782294
2015-07-29,2015-08-27,296, 38.939545046840465, 11526.105333864778
2015-07-30,2015-08-28,294, 38.90450455568515, 11437.924339371435
2015-07-31,2015-08-29,301, 38.93837916440092, 11720.452128484678
2015-08-01,2015-08-30,287, 40.03015694550213, 11488.655043359111
2015-08-02,2015-08-31,278, 41.205963466717634, 11455.257843747502
2015-08-03,2015-09-01,273, 41.520852508815246, 11335.192734906563
2015-08-04,2015-09-02,256, 43.6196810227177, 11166.638341815731
2015-08-05,2015-09-03,251, 44.60092546324448, 11194.832291274364
2015-08-06,2015-09-04,260, 44.059214382595286, 11455.395739474774
2015-08-07,2015-09-05,272, 42.90108096341066, 11669.094022047699
2015-08-08,2015-09-06,282, 42.473413394975516, 11977.502577383095
2015-08-09,2015-09-07,277, 42.883753988895016, 11878.79985492392
2015-08-10,2015-09-08,288, 41.567565734547394, 11971.458931549649
2015-08-11,2015-09-09,286, 41.565339829079036, 11887.687191116605
2015-08-12,2015-09-10,279, 42.68034347257227, 11907.815828847662
2015-08-13,2015-09-11,272, 42.89549854427907, 11667.575604043908
2015-08-14,2015-09-12,272, 43.33320898723999, 11786.632844529278
2015-08-15,2015-09-13,265, 44.11314564238393, 11689.98359523174
2015-08-16,2015-09-14,267, 44.24209110575242, 11812.638325235897
2015-08-17,2015-09-15,273, 44.36296089280436, 12111.08832373559
2015-08-18,2015-09-16,281, 42.95603718587175, 12070.646449229962
2015-08-19,2015-09-17,276, 43.519732158216584, 12011.446075667778
2015-08-20,2015-09-18,283, 43.45763487360337, 12298.510669229752
2015-08-21,2015-09-19,262, 46.202791734209384, 12105.131434362858
2015-08-22,2015-09-20,260, 45.814768173321376, 11911.839725063557
2015-08-23,2015-09-21,263, 45.83864334699555, 12055.56320025983
2015-08-24,2015-09-22,249, 47.253698346094495, 11766.170888177528
2015-08-25,2015-09-23,245, 48.56728769753436, 11898.985485895919
2015-08-26,2015-09-24,247, 47.6260032869985, 11763.622811888628
2015-08-27,2015-09-25,259, 46.26699616833977, 11983.152007600002
2015-08-28,2015-09-26,261, 46.11852330722748, 12036.934583186372
2015-08-29,2015-09-27,260, 46.43961950892871, 12074.301072321465
2015-08-30,2015-09-28,260, 46.203948336762735, 12013.02656755831
2015-08-31,2015-09-29,255, 46.78651197748957, 11930.56055425984
2015-09-01,2015-09-30,259, 45.94895369807632, 11900.779007801768
2015-09-02,2015-10-01,253, 45.82968344567991, 11594.909911757019
2015-09-03,2015-10-02,244, 46.88616755842445, 11440.224884255565
2015-09-04,2015-10-03,249, 46.765679831343384, 11644.654278004502
2015-09-05,2015-10-04,256, 46.07967403606453, 11796.39655323252
2015-09-06,2015-10-05,262, 45.56041421273694, 11936.828523737078
2015-09-07,2015-10-06,263, 45.208255058830034, 11889.7710804723
2015-09-08,2015-10-07,259, 45.56924426395609, 11802.434264364627
2015-09-09,2015-10-08,256, 45.01195538285732, 11523.060578011475
2015-09-10,2015-10-09,268, 44.04122765615879, 11803.049011850555
2015-09-11,2015-10-10,269, 44.00523180598408, 11837.407355809719
2015-09-12,2015-10-11,269, 43.650630177670905, 11742.019517793473
2015-09-13,2015-10-12,288, 43.439439915151056, 12510.558695563504
2015-09-14,2015-10-13,299, 43.7497705287957, 13081.181388109915
2015-09-15,2015-10-14,300, 43.77252478688873, 13131.757436066619
2015-09-16,2015-10-15,312, 42.87890218572996, 13378.21748194775
2015-09-17,2015-10-16,310, 43.10906792629016, 13363.81105714995
2015-09-18,2015-10-17,323, 42.349689858854134, 13678.949824409885
2015-09-19,2015-10-18,328, 42.65112722661386, 13989.569730329345
2015-09-20,2015-10-19,347, 41.41685821835346, 14371.649801768652
2015-09-21,2015-10-20,362, 40.226382345256084, 14561.950408982702
2015-09-22,2015-10-21,365, 40.10894180546413, 14639.763758994406
2015-09-23,2015-10-22,353, 41.015555682620885, 14478.491155965172
2015-09-24,2015-10-23,348, 41.363036218973065, 14394.336604202626
2015-09-25,2015-10-24,360, 40.63324657812064, 14627.968768123432
2015-09-26,2015-10-25,365, 40.80407136937412, 14893.486049821555
2015-09-27,2015-10-26,368, 40.405611872834115, 14869.265169202954
2015-09-28,2015-10-27,381, 39.94545119298519, 15219.216904527357
2015-09-29,2015-10-28,373, 40.57899885419332, 15135.96657261411
2015-09-30,2015-10-29,364, 41.60164648437444, 15142.999320312298
2015-10-01,2015-10-30,375, 40.4345724546931, 15162.964670509911
2015-10-02,2015-10-31,374, 40.63545691505636, 15197.660886231079
2015-10-03,2015-11-01,380, 39.84402550223427, 15140.729690849023
2015-10-04,2015-11-02,390, 39.76541503197857, 15508.511862471643
2015-10-05,2015-11-03,384, 40.384129221950275, 15507.505621228906
2015-10-06,2015-11-04,374, 41.73011615586365, 15607.063442293005
2015-10-07,2015-11-05,381, 42.258223031235296, 16100.382974900647
2015-10-08,2015-11-06,384, 42.28807454910045, 16238.620626854572
2015-10-09,2015-11-07,366, 43.64061862136126, 15972.466415418223
2015-10-10,2015-11-08,368, 43.50125743053774, 16008.46273443789
2015-10-11,2015-11-09,362, 44.15303105129523, 15983.397240568873
2015-10-12,2015-11-10,370, 43.513709285368165, 16100.072435586222
2015-10-13,2015-11-11,364, 43.49151475351356, 15830.911370278938
2015-10-14,2015-11-12,355, 43.8891981538553, 15580.66534461863
2015-10-15,2015-11-13,350, 43.3410273630735, 15169.359577075726
2015-10-16,2015-11-14,360, 42.348116199505704, 15245.321831822053
2015-10-17,2015-11-15,347, 42.89108336152903, 14883.205926450573
2015-10-18,2015-11-16,346, 42.918437330155506, 14849.779316233806
2015-10-19,2015-11-17,343, 43.50642135596532, 14922.702525096105
2015-10-20,2015-11-18,356, 42.345928833507614, 15075.150664728711
2015-10-21,2015-11-19,375, 41.10433392927217, 15414.125223477065
2015-10-22,2015-11-20,374, 40.80489336395016, 15261.030118117358
2015-10-23,2015-11-21,361, 41.52587732966379, 14990.841716008628
2015-10-24,2015-11-22,356, 42.369213498174446, 15083.440005350103
2015-10-25,2015-11-23,353, 42.862548653425364, 15130.479674659153
2015-10-26,2015-11-24,359, 43.106467274757385, 15475.221751637902
2015-10-27,2015-11-25,360, 42.87664362332994, 15435.59170439878
2015-10-28,2015-11-26,384, 41.58474000608825, 15968.54016233789
2015-10-29,2015-11-27,388, 41.80141490092329, 16218.948981558236
2015-10-30,2015-11-28,381, 41.89774287740318, 15963.040036290613
2015-10-31,2015-11-29,377, 42.261000491526445, 15932.39718530547
2015-11-01,2015-11-30,392, 41.65655802295289, 16329.370744997535
2015-11-02,2015-12-01,382, 42.60145255374491, 16273.754875530558
2015-11-03,2015-12-02,369, 44.30202875285005, 16347.448609801668
2015-11-04,2015-12-03,354, 45.92377212554175, 16257.01533244178
2015-11-05,2015-12-04,346, 45.647958633214415, 15794.193687092187
2015-11-06,2015-12-05,345, 45.769449957922866, 15790.460235483388
2015-11-07,2015-12-06,338, 45.83229372096352, 15491.31527768567
2015-11-08,2015-12-07,356, 45.44071969023517, 16176.896209723722
2015-11-09,2015-12-08,366, 44.392597533433694, 16247.690697236732
2015-11-10,2015-12-09,372, 44.85734153868879, 16686.931052392232
2015-11-11,2015-12-10,356, 46.10960939180294, 16415.020943481846
2015-11-12,2015-12-11,346, 47.360888381702665, 16386.86738006912
2015-11-13,2015-12-12,358, 46.86627263962589, 16778.125604986068
2015-11-14,2015-12-13,374, 46.0954440300569, 17239.696067241282
2015-11-15,2015-12-14,338, 49.94805963809403, 16882.44415767578
2015-11-16,2015-12-15,329, 50.784356354515864, 16708.05324063572
2015-11-17,2015-12-16,353, 49.45646706702367, 17458.132874659354
2015-11-18,2015-12-17,371, 48.4395974336757, 17971.090647893685
2015-11-19,2015-12-18,375, 47.91429507981198, 17967.860654929493
2015-11-20,2015-12-19,374, 48.12734855796947, 17999.62836068058
2015-11-21,2015-12-20,369, 48.23422734653647, 17798.429890871957
2015-11-22,2015-12-21,347, 50.356216626796204, 17473.607169498282
2015-11-23,2015-12-22,349, 50.7659710026491, 17717.323879924537
2015-11-24,2015-12-23,347, 50.361203719144775, 17475.337690543238
2015-11-25,2015-12-24,359, 48.94857769582549, 17572.53939280135
2015-11-26,2015-12-25,355, 48.32577384487514, 17155.649714930674
2015-11-27,2015-12-26,366, 47.89584216197498, 17529.878231282844
2015-11-28,2015-12-27,377, 46.93620689926725, 17694.950001023753
2015-11-29,2015-12-28,390, 45.62661818463558, 17794.381092007876
2015-11-30,2015-12-29,409, 45.06351614638787, 18430.97810387264
2015-12-01,2015-12-30,415, 45.41680414814102, 18847.973721478524
2015-12-02,2015-12-31,411, 46.01758146952379, 18913.225983974276
2015-12-03,2016-01-01,395, 46.58919245282345, 18402.731018865263
2015-12-04,2016-01-02,419, 44.58558496515859, 18681.36010040145
2015-12-05,2016-01-03,401, 45.69529423460384, 18323.81298807614
2015-12-06,2016-01-04,426, 44.326992980478884, 18883.299009684004
2015-12-07,2016-01-05,424, 44.330245836355026, 18796.02423461453
2015-12-08,2016-01-06,415, 45.13779260774104, 18732.18393221253
2015-12-09,2016-01-07,393, 47.25954790409311, 18573.002326308593
2015-12-10,2016-01-08,416, 46.408642764958344, 19305.99539022267
2015-12-11,2016-01-09,424, 45.79086704270941, 19415.32762610879
2015-12-12,2016-01-10,413, 46.42927274215247, 19175.28964250897
2015-12-13,2016-01-11,405, 47.697178029474685, 19317.357101937247
2015-12-14,2016-01-12,413, 47.78345525977198, 19734.567022285828
2015-12-15,2016-01-13,402, 49.44262168726429, 19875.933918280247
2015-12-16,2016-01-14,414, 49.252934251755924, 20390.714780226954
2015-12-17,2016-01-15,401, 50.38871569288156, 20205.874992845507
2015-12-18,2016-01-16,408, 50.36893731044281, 20550.526422660667
2015-12-19,2016-01-17,427, 49.230447385058135, 21021.401033419825
2015-12-20,2016-01-18,418, 49.63738162217043, 20748.42551806724
2015-12-21,2016-01-19,424, 49.500732078565406, 20988.310401311734
2015-12-22,2016-01-20,441, 49.268053133313224, 21727.211431791133
2015-12-23,2016-01-21,434, 48.62933009842839, 21105.12926271792
2015-12-24,2016-01-22,441, 48.07256657285995, 21200.001858631236
2015-12-25,2016-01-23,429, 48.86151671778286, 20961.590671928847
2015-12-26,2016-01-24,422, 49.8137128340898, 21021.386815985894
2015-12-27,2016-01-25,426, 49.360031427585575, 21027.373388151456
2015-12-28,2016-01-26,440, 48.697865908048996, 21427.060999541558
2015-12-29,2016-01-27,453, 47.728244989152316, 21620.894980086
2015-12-30,2016-01-28,454, 48.051263027463136, 21815.273414468265
2015-12-31,2016-01-29,468, 46.794913517136145, 21900.019526019714
2016-01-01,2016-01-30,464, 47.08002377250559, 21845.131030442593
2016-01-02,2016-01-31,459, 47.01059454409249, 21577.862895738454
2016-01-03,2016-02-01,471, 46.89098911677347, 22085.655874000302
2016-01-04,2016-02-02,450, 48.222697521407476, 21700.213884633366
2016-01-05,2016-02-03,447, 48.22997559185722, 21558.799089560176
2016-01-06,2016-02-04,465, 46.68059777042243, 21706.47796324643
2016-01-07,2016-02-05,466, 46.85464204327517, 21834.26319216623
2016-01-08,2016-02-06,471, 46.821164570262646, 22052.768512593706
2016-01-09,2016-02-07,472, 46.97599649780716, 22172.67034696498
2016-01-10,2016-02-08,458, 47.78505580694755, 21885.555559581975
2016-01-11,2016-02-09,452, 48.053068295023515, 21719.98686935063
2016-01-12,2016-02-10,459, 47.934392684767545, 22001.886242308305
2016-01-13,2016-02-11,440, 49.17265253359785, 21635.967114783052
2016-01-14,2016-02-12,448, 47.82812652062586, 21427.000681240384
2016-01-15,2016-02-13,478, 45.93592155064051, 21957.370501206162
2016-01-16,2016-02-14,473, 45.841083963518756, 21682.83271474437
2016-01-17,2016-02-15,442, 48.062326773728216, 21243.54843398787
2016-01-18,2016-02-16,469, 46.265540823749895, 21698.5386463387
2016-01-19,2016-02-17,496, 44.92727358771466, 22283.927699506472
2016-01-20,2016-02-18,488, 45.938542956513295, 22418.008962778487
2016-01-21,2016-02-19,501, 45.24484942410674, 22667.669561477476
2016-01-22,2016-02-20,502, 44.47932105503828, 22328.619169629215
2016-01-23,2016-02-21,485, 45.888416584890386, 22255.882043671838
2016-01-24,2016-02-22,493, 45.94916732904058, 22652.939493217003
2016-01-25,2016-02-23,508, 45.47322830079982, 23100.399976806308
2016-01-26,2016-02-24,508, 45.97189609419581, 23353.723215851474
2016-01-27,2016-02-25,522, 44.81505745694121, 23393.459992523312
2016-01-28,2016-02-26,500, 45.64539470719712, 22822.69735359856
2016-01-29,2016-02-27,432, 49.44273809764332, 21359.262858181915
2016-01-30,2016-02-28,461, 47.25019637976581, 21782.340531072037
2016-01-31,2016-02-29,452, 47.49543909513535, 21467.93847100118
2016-02-01,2016-03-01,454, 46.95808400730919, 21318.97013931837
2016-02-02,2016-03-02,465, 46.13946560963878, 21454.851508482036
2016-02-03,2016-03-03,499, 44.19779088519746, 22054.697651713534
2016-02-04,2016-03-04,471, 46.05978460973216, 21694.15855118385
2016-02-05,2016-03-05,450, 46.63927950740407, 20987.67577833183
2016-02-06,2016-03-06,461, 45.55189767527477, 20999.42482830167
2016-02-07,2016-03-07,461, 45.022780851954494, 20755.501972751023
2016-02-08,2016-03-08,470, 43.91002088511012, 20637.709816001756
2016-02-09,2016-03-09,482, 43.41559643881015, 20926.317483506493
2016-02-10,2016-03-10,482, 42.95823910606045, 20705.871249121134
2016-02-11,2016-03-11,494, 42.17270769195679, 20833.317599826652
2016-02-12,2016-03-12,479, 42.32179263292485, 20272.138671171
2016-02-13,2016-03-13,482, 41.734793444470064, 20116.17044023457
2016-02-14,2016-03-14,510, 40.68527148960085, 20749.488459696433
2016-02-15,2016-03-15,516, 40.3387000642662, 20814.769233161358
2016-02-16,2016-03-16,536, 38.866523952119145, 20832.456838335864
2016-02-17,2016-03-17,508, 39.88683929374659, 20262.514361223268
2016-02-18,2016-03-18,527, 38.767809138285095, 20430.635415876244
2016-02-19,2016-03-19,524, 38.65013176901467, 20252.66904696369
2016-02-20,2016-03-20,539, 38.04591781012781, 20506.74969965889
2016-02-21,2016-03-21,535, 38.43729382327087, 20563.952195449914
2016-02-22,2016-03-22,541, 38.18545597285027, 20658.331681311996
2016-02-23,2016-03-23,516, 39.57723759763128, 20421.85460037774
2016-02-24,2016-03-24,513, 39.819732673580766, 20427.52286154693
2016-02-25,2016-03-25,505, 39.710801482516196, 20053.95474867068
2016-02-26,2016-03-26,505, 39.62080921680868, 20008.508654488385
2016-02-27,2016-03-27,506, 39.183665173429766, 19826.934577755463
2016-02-28,2016-03-28,508, 39.01617657355492, 19820.2176993659
2016-02-29,2016-03-29,504, 39.22020496667247, 19766.983303202924
2016-03-01,2016-03-30,511, 39.061613168067616, 19960.48432888255
2016-03-02,2016-03-31,512, 39.11665760024779, 20027.72869132687
2016-03-03,2016-04-01,532, 38.57740096826305, 20523.177315115943
2016-03-04,2016-04-02,536, 38.314830945989456, 20536.74938705035
2016-03-05,2016-04-03,546, 37.73393754435893, 20602.729899219976
2016-03-06,2016-04-04,544, 37.747894910869846, 20534.854831513196
2016-03-07,2016-04-05,535, 38.07008676700485, 20367.496420347597
2016-03-08,2016-04-06,522, 38.340484602425185, 20013.732962465947
2016-03-09,2016-04-07,519, 38.53196708344718, 19998.090916309084
2016-03-10,2016-04-08,538, 38.42210776548305, 20671.093977829878
2016-03-11,2016-04-09,535, 38.85432291222515, 20787.062758040454
2016-03-12,2016-04-10,526, 38.398508941401104, 20197.61570317698
2016-03-13,2016-04-11,508, 39.01556884237787, 19819.90897192796
2016-03-14,2016-04-12,518, 38.70978759751807, 20051.66997551436
2016-03-15,2016-04-13,510, 39.33914223207996, 20062.962538360778
2016-03-16,2016-04-14,514, 39.33266296868078, 20216.988765901922
2016-03-17,2016-04-15,511, 39.313166864690835, 20089.02826785702
2016-03-18,2016-04-16,504, 38.97012220276438, 19640.941590193248
2016-03-19,2016-04-17,492, 39.52933503225129, 19448.432835867636
2016-03-20,2016-04-18,496, 39.5764822669331, 19629.93520439882
2016-03-21,2016-04-19,508, 39.16504410042036, 19895.842403013543
2016-03-22,2016-04-20,499, 40.38756571749879, 20153.395293031896
2016-03-23,2016-04-21,490, 40.866462983921764, 20024.566862121665
2016-03-24,2016-04-22,504, 39.749908073568676, 20033.95366907861
2016-03-25,2016-04-23,528, 39.090480137595435, 20639.77351265039
2016-03-26,2016-04-24,527, 39.24523488186278, 20682.238782741682
2016-03-27,2016-04-25,517, 40.23026081179017, 20799.044839695518
2016-03-28,2016-04-26,488, 41.71424990745193, 20356.55395483654
2016-03-29,2016-04-27,488, 42.228631745108345, 20607.572291612873
2016-03-30,2016-04-28,489, 42.17793326060978, 20625.00936443818
2016-03-31,2016-04-29,487, 43.49487289918333, 21182.00310190228
2016-04-01,2016-04-30,479, 44.306873198748804, 21222.992262200678
2016-04-02,2016-05-01,470, 45.13632641663373, 21214.073415817853
2016-04-03,2016-05-02,465, 45.585258654910916, 21197.145274533577
2016-04-04,2016-05-03,468, 45.97529787390155, 21516.439404985926
2016-04-05,2016-05-04,456, 46.8274787562134, 21353.33031283331
2016-04-06,2016-05-05,444, 47.91519079914325, 21274.344714819603
2016-04-07,2016-05-06,434, 47.814413133174476, 20751.455299797723
2016-04-08,2016-05-07,442, 47.43981386707315, 20968.39772924633
2016-04-09,2016-05-08,437, 47.17680999533905, 20616.265967963165
2016-04-10,2016-05-09,444, 47.45604975677283, 21070.486092007137
2016-04-11,2016-05-10,456, 46.753491272231074, 21319.59202013737
2016-04-12,2016-05-11,472, 46.015960983925204, 21719.533584412697
2016-04-13,2016-05-12,488, 44.78871566284362, 21856.893243467686
2016-04-14,2016-05-13,492, 44.749821946170854, 22016.912397516062
2016-04-15,2016-05-14,479, 45.495906195395165, 21792.539067594284
2016-04-16,2016-05-15,467, 45.68668084999143, 21335.679956945998
2016-04-17,2016-05-16,483, 45.173204565784346, 21818.65780527384
2016-04-18,2016-05-17,470, 45.93596592567862, 21589.90398506895
2016-04-19,2016-05-18,475, 45.87695365885467, 21791.552987955965
2016-04-20,2016-05-19,490, 45.76371224297982, 22424.21899906011
2016-04-21,2016-05-20,479, 46.28325024646711, 22169.676868057748
2016-04-22,2016-05-21,463, 47.1634202001836, 21836.663552685008
2016-04-23,2016-05-22,458, 47.81303492976459, 21898.369997832182
2016-04-24,2016-05-23,467, 47.433068900781954, 22151.24317666517
2016-04-25,2016-05-24,475, 47.54009466173666, 22581.544964324912
2016-04-26,2016-05-25,497, 46.568194974093934, 23144.392902124684
2016-04-27,2016-05-26,502, 46.63311056644906, 23409.82150435743
2016-04-28,2016-05-27,519, 46.009449177854954, 23878.904123306722
2016-04-29,2016-05-28,521, 45.688480497230124, 23803.698339056893
2016-04-30,2016-05-29,513, 46.233892631693315, 23717.98692005867
2016-05-01,2016-05-30,518, 46.18685045037584, 23924.788533294686
2016-05-02,2016-05-31,513, 46.454821121795284, 23831.32323548098
2016-05-03,2016-06-01,524, 46.540931732628, 24387.448227897075
2016-05-04,2016-06-02,523, 46.70984948687096, 24429.25128163351
2016-05-05,2016-06-03,541, 46.29782269458829, 25047.122077772266
2016-05-06,2016-06-04,544, 46.22914375459166, 25148.654202497863
2016-05-07,2016-06-05,543, 46.28967286555362, 25135.292365995614
2016-05-08,2016-06-06,527, 47.94457468663359, 25266.7908598559
2016-05-09,2016-06-07,524, 47.77042399802859, 25031.70217496698
2016-05-10,2016-06-08,548, 47.29687156077723, 25918.68561530592
2016-05-11,2016-06-09,552, 46.97420093513384, 25929.758916193878
2016-05-12,2016-06-10,538, 47.852625076315164, 25744.712291057556
2016-05-13,2016-06-11,532, 47.44971793815431, 25243.249943098093
2016-05-14,2016-06-12,517, 47.67079212249127, 24645.79952732799
2016-05-15,2016-06-13,531, 47.40558835134052, 25172.367414561817
2016-05-16,2016-06-14,549, 46.39688407931625, 25471.88935954462
2016-05-17,2016-06-15,547, 46.567678802226155, 25472.520304817706
2016-05-18,2016-06-16,557, 46.220013636714185, 25744.5475956498
2016-05-19,2016-06-17,538, 46.953419219319116, 25260.939539993684
2016-05-20,2016-06-18,533, 47.364248196209424, 25245.144288579624
2016-05-21,2016-06-19,516, 47.87326843350379, 24702.606511687954
2016-05-22,2016-06-20,515, 48.41658842707105, 24934.54303994159
2016-05-23,2016-06-21,524, 48.570102436464175, 25450.733676707227
2016-05-24,2016-06-22,530, 47.720300403775724, 25291.759214001133
2016-05-25,2016-06-23,564, 45.97409183029875, 25929.387792288493
2016-05-26,2016-06-24,558, 45.58924495839496, 25438.798686784387
2016-05-27,2016-06-25,552, 45.74640459147109, 25252.015334492044
2016-05-28,2016-06-26,555, 45.760073630385854, 25396.84086486415
2016-05-29,2016-06-27,568, 45.280339219370234, 25719.232676602292
2016-05-30,2016-06-28,588, 44.63357936747828, 26244.54466807723
2016-05-31,2016-06-29,585, 45.35635496545384, 26533.467654790496
2016-06-01,2016-06-30,593, 45.63522942823989, 27061.691050946254
2016-06-02,2016-07-01,586, 45.691456619556334, 26775.19357906001
2016-06-03,2016-07-02,557, 46.79512347116148, 26064.883773436944
2016-06-04,2016-07-03,557, 46.73594187871911, 26031.919626446543
2016-06-05,2016-07-04,551, 47.166123736705714, 25988.53417892485
2016-06-06,2016-07-05,540, 47.64348662300799, 25727.482776424313
2016-06-07,2016-07-06,541, 47.86960763206681, 25897.457728948146
2016-06-08,2016-07-07,551, 47.870308714008885, 26376.540101418897
2016-06-09,2016-07-08,551, 47.849971070300626, 26365.334059735644
2016-06-10,2016-07-09,559, 48.00863422770585, 26836.826533287567
2016-06-11,2016-07-10,560, 47.317416532988005, 26497.753258473283
2016-06-12,2016-07-11,578, 46.85930577273333, 27084.678736639864
2016-06-13,2016-07-12,582, 46.81826813124806, 27248.23205238637
2016-06-14,2016-07-13,573, 47.53757937818493, 27239.032983699963
2016-06-15,2016-07-14,575, 47.615206409732764, 27378.74368559634
2016-06-16,2016-07-15,592, 47.46957635215244, 28101.989200474243
2016-06-17,2016-07-16,603, 45.8705889131388, 27659.965114622697
2016-06-18,2016-07-17,593, 46.50794736939809, 27579.21279005307
2016-06-19,2016-07-18,591, 46.86078456792095, 27694.723679641284
2016-06-20,2016-07-19,588, 47.25838852340248, 27787.93245176066
2016-06-21,2016-07-20,577, 47.95163993163941, 27668.09624055594
2016-06-22,2016-07-21,571, 48.12753019841495, 27480.81974329494
2016-06-23,2016-07-22,555, 48.852144568523556, 27112.940235530572
2016-06-24,2016-07-23,540, 49.279552262294146, 26610.958221638837
2016-06-25,2016-07-24,520, 49.61676576441023, 25800.71819749332
2016-06-26,2016-07-25,534, 49.350361360123856, 26353.09296630614
2016-06-27,2016-07-26,499, 51.4259255818593, 25661.536865347793
2016-06-28,2016-07-27,491, 51.680390498891015, 25375.071734955487
2016-06-29,2016-07-28,514, 51.13426234430087, 26283.01084497065
2016-06-30,2016-07-29,517, 51.15493493135754, 26447.101359511846
2016-07-01,2016-07-30,520, 50.74672103400812, 26388.294937684223
2016-07-02,2016-07-31,521, 50.5171161078856, 26319.4174922084
2016-07-03,2016-08-01,510, 51.06669577206565, 26044.01484375348
2016-07-04,2016-08-02,498, 52.15449289766498, 25972.93746303716
2016-07-05,2016-08-03,499, 52.366765113210974, 26131.015791492275
2016-07-06,2016-08-04,504, 52.26645725953649, 26342.29445880639
2016-07-07,2016-08-05,520, 51.53895633274731, 26800.2572930286
2016-07-08,2016-08-06,517, 51.46291888868383, 26606.32906544954
2016-07-09,2016-08-07,515, 51.559030545555785, 26552.900730961228
2016-07-10,2016-08-08,512, 51.648622535940724, 26444.09473840165
2016-07-11,2016-08-09,508, 51.95317411973988, 26392.21245282786
2016-07-12,2016-08-10,464, 54.52669221817408, 25300.385189232773
2016-07-13,2016-08-11,465, 54.40383756394379, 25297.78446723386
2016-07-14,2016-08-12,486, 52.66142456502981, 25593.45233860449
2016-07-15,2016-08-13,487, 52.600041409654786, 25616.22016650188
2016-07-16,2016-08-14,480, 53.37826449213165, 25621.566956223192
2016-07-17,2016-08-15,462, 53.56441581288486, 24746.760105552807
2016-07-18,2016-08-16,474, 52.22274013099534, 24753.578822091793
2016-07-19,2016-08-17,456, 53.166955735004166, 24244.131815161898
2016-07-20,2016-08-18,481, 51.17446681204792, 24614.918536595047
2016-07-21,2016-08-19,494, 50.756079790448545, 25073.50341648158
2016-07-22,2016-08-20,491, 50.73203208265973, 24909.427752585925
2016-07-23,2016-08-21,506, 49.8223112634579, 25210.089499309695
2016-07-24,2016-08-22,514, 49.10706645798307, 25241.0321594033
2016-07-25,2016-08-23,541, 48.07951421048606, 26011.01718787296
2016-07-26,2016-08-24,528, 49.101497279584486, 25925.590563620608
2016-07-27,2016-08-25,540, 48.07930241184591, 25962.82330239679
2016-07-28,2016-08-26,553, 47.82223277929951, 26445.694726952628
2016-07-29,2016-08-27,528, 49.10276672220126, 25926.260829322266
2016-07-30,2016-08-28,525, 49.367862718154406, 25918.127927031062
2016-07-31,2016-08-29,534, 48.99088802804168, 26161.134206974257
2016-08-01,2016-08-30,535, 49.11486405730853, 26276.452270660066
2016-08-02,2016-08-31,539, 49.02687139525425, 26425.48368204204
2016-08-03,2016-09-01,562, 47.94156852263965, 26943.161509723483
2016-08-04,2016-09-02,548, 48.511145159258646, 26584.10754727374
2016-08-05,2016-09-03,549, 48.68171549613407, 26726.261807377603
2016-08-06,2016-09-04,541, 48.936154137823046, 26474.459388562267
2016-08-07,2016-09-05,562, 47.83351475693377, 26882.435293396782
2016-08-08,2016-09-06,562, 47.96206053379142, 26954.67801999078
2016-08-09,2016-09-07,556, 48.06691020241935, 26725.20207254516
2016-08-10,2016-09-08,575, 46.40918339390914, 26685.280451497754
2016-08-11,2016-09-09,564, 46.79051964715523, 26389.85308099555
2016-08-12,2016-09-10,573, 46.34808337486079, 26557.451773795234
2016-08-13,2016-09-11,554, 47.69904608456657, 26425.271530849877
2016-08-14,2016-09-12,548, 48.16813419617317, 26396.1375395029
2016-08-15,2016-09-13,539, 49.08271182269932, 26455.581672434935
2016-08-16,2016-09-14,538, 48.89312249354288, 26304.499901526073
2016-08-17,2016-09-15,547, 48.689661404055315, 26633.244788018255
2016-08-18,2016-09-16,529, 49.550312488728245, 26212.115306537242
2016-08-19,2016-09-17,546, 48.512362476153136, 26487.749911979612
2016-08-20,2016-09-18,563, 47.47066837603116, 26725.986295705545
2016-08-21,2016-09-19,566, 47.71657490109365, 27007.581394019006
2016-08-22,2016-09-20,564, 48.08147597151847, 27117.95244793642
2016-08-23,2016-09-21,559, 48.4102880486205, 27061.35101917886
2016-08-24,2016-09-22,562, 48.785830643828994, 27417.636821831897
2016-08-25,2016-09-23,558, 48.927705925820675, 27301.659906607936
2016-08-26,2016-09-24,548, 49.58331989709996, 27171.65930361078
2016-08-27,2016-09-25,551, 49.332688491712226, 27182.311358933435
2016-08-28,2016-09-26,571, 48.87463032260177, 27907.41391420561
2016-08-29,2016-09-27,568, 49.43778477537565, 28080.66175241337
2016-08-30,2016-09-28,565, 49.98782824683703, 28243.122959462922
2016-08-31,2016-09-29,555, 51.560195034691894, 28615.908244254002
2016-09-01,2016-09-30,551, 51.90231914659049, 28598.17784977136
2016-09-02,2016-10-01,549, 52.0987607665961, 28602.21966086126
2016-09-03,2016-10-02,549, 51.92955299079092, 28509.324591944212
2016-09-04,2016-10-03,539, 52.3025844873291, 28191.093038670384
2016-09-05,2016-10-04,520, 52.85954207292914, 27486.961877923153
2016-09-06,2016-10-05,515, 53.44277858780498, 27523.030972719564
2016-09-07,2016-10-06,518, 53.19074044443993, 27552.803550219884
2016-09-08,2016-10-07,509, 53.322796170421775, 27141.303250744684
2016-09-09,2016-10-08,511, 53.10444715524959, 27136.37249633254
2016-09-10,2016-10-09,536, 52.00466269271555, 27874.499203295534
2016-09-11,2016-10-10,533, 51.8864520850708, 27655.47896134274
2016-09-12,2016-10-11,543, 51.67278095571247, 28058.32005895187
2016-09-13,2016-10-12,541, 52.42553804088288, 28362.216080117636
2016-09-14,2016-10-13,544, 52.63353560634168, 28632.643369849873
2016-09-15,2016-10-14,557, 51.82788125189958, 28868.129857308068
2016-09-16,2016-10-15,539, 52.379620292710726, 28232.61533777108
2016-09-17,2016-10-16,566, 51.084571964639714, 28913.86773198608
2016-09-18,2016-10-17,551, 52.39971406775265, 28872.24245133171
2016-09-19,2016-10-18,529, 53.74929577094787, 28433.37746283142
2016-09-20,2016-10-19,530, 54.274312924290506, 28765.38584987397
2016-09-21,2016-10-20,537, 53.78729629341971, 28883.77810956638
2016-09-22,2016-10-21,525, 54.25272583769664, 28482.681064790733
2016-09-23,2016-10-22,523, 54.429267740050754, 28466.507028046544
2016-09-24,2016-10-23,525, 54.91526122264085, 28830.512141886447
2016-09-25,2016-10-24,512, 55.991043434119334, 28667.4142382691
2016-09-26,2016-10-25,521, 55.848111124011986, 29096.865895610244
2016-09-27,2016-10-26,518, 56.11139784102268, 29065.704081649747
2016-09-28,2016-10-27,520, 56.103755658039724, 29173.952942180655
2016-09-29,2016-10-28,516, 56.758710183479, 29287.494454675165
2016-09-30,2016-10-29,514, 56.92312979050366, 29258.488712318882
2016-10-01,2016-10-30,523, 55.96565156368245, 29270.035767805923
2016-10-02,2016-10-31,537, 55.53433242203165, 29821.936510630996
2016-10-03,2016-11-01,549, 54.392494765125804, 29861.479626054068
2016-10-04,2016-11-02,538, 56.00243053487792, 30129.30762776432
2016-10-05,2016-11-03,552, 54.9597942474793, 30337.806424608574
2016-10-06,2016-11-04,538, 55.73346432830164, 29984.603808626285
2016-10-07,2016-11-05,534, 55.74143070990637, 29765.92399909
2016-10-08,2016-11-06,534, 54.989501186170884, 29364.393633415253
2016-10-09,2016-11-07,507, 57.08654228048536, 28942.876936206078
2016-10-10,2016-11-08,525, 55.42948142935722, 29100.477750412538
2016-10-11,2016-11-09,526, 56.04723201280274, 29480.84403873424
2016-10-12,2016-11-10,538, 56.181949609546976, 30225.888889936272
2016-10-13,2016-11-11,528, 56.77897462600446, 29979.298602530354
2016-10-14,2016-11-12,522, 57.02968733447476, 29769.496788595825
2016-10-15,2016-11-13,513, 57.99965930093972, 29753.825221382074
2016-10-16,2016-11-14,544, 56.4156449611661, 30690.11085887436
2016-10-17,2016-11-15,563, 54.99884615127223, 30964.350383166267
2016-10-18,2016-11-16,591, 52.906687321440344, 31267.85220697124
2016-10-19,2016-11-17,588, 52.21299040474156, 30701.238357988037
2016-10-20,2016-11-18,590, 52.24520976019945, 30824.673758517678
2016-10-21,2016-11-19,592, 51.48469870320487, 30478.941632297283
2016-10-22,2016-11-20,591, 51.73194315985974, 30573.578407477107
2016-10-23,2016-11-21,603, 51.4357125001227, 31015.734637573987
2016-10-24,2016-11-22,627, 50.524728339142754, 31679.004668642505
2016-10-25,2016-11-23,610, 50.72672281104014, 30943.300914734486
2016-10-26,2016-11-24,630, 49.058548093413805, 30906.885298850695
2016-10-27,2016-11-25,634, 48.9200009807807, 31015.280621814964
2016-10-28,2016-11-26,647, 48.18528928439898, 31175.88216700614
2016-10-29,2016-11-27,626, 48.72087668588645, 30499.268805364918
2016-10-30,2016-11-28,621, 48.567641787361175, 30160.50554995129
2016-10-31,2016-11-29,618, 49.1687320614465, 30386.276413973937
2016-11-01,2016-11-30,595, 50.971310605809656, 30327.929810456746
2016-11-02,2016-12-01,580, 51.936085036854294, 30122.92932137549
2016-11-03,2016-12-02,573, 52.500494743537736, 30082.783488047124
2016-11-04,2016-12-03,556, 53.553615900866106, 29775.810440881556
2016-11-05,2016-12-04,542, 54.58275493984386, 29583.853177395373
2016-11-06,2016-12-05,519, 57.12929306135022, 29650.103098840762
2016-11-07,2016-12-06,520, 57.15132075767355, 29718.686793990248
2016-11-08,2016-12-07,530, 56.27546865542877, 29825.998387377247
2016-11-09,2016-12-08,533, 56.27753176016961, 29995.9244281704
2016-11-10,2016-12-09,528, 57.50026953980139, 30360.142317015132
2016-11-11,2016-12-10,524, 57.20242607382337, 29974.071262683443
2016-11-12,2016-12-11,502, 58.63935129838517, 29436.954351789358
2016-11-13,2016-12-12,511, 58.34373331291421, 29813.64772289916
2016-11-14,2016-12-13,499, 59.430451492181646, 29655.79529459864
2016-11-15,2016-12-14,506, 59.37988021826393, 30046.219390441547
2016-11-16,2016-12-15,515, 59.213894090109285, 30495.155456406283
2016-11-17,2016-12-16,513, 59.95383834819289, 30756.31907262295
2016-11-18,2016-12-17,498, 60.64266371186208, 30200.046528507315
2016-11-19,2016-12-18,501, 60.371136231322765, 30245.939251892705
2016-11-20,2016-12-19,501, 61.462209070713016, 30792.566744427222
2016-11-21,2016-12-20,509, 60.90002746126275, 30998.11397778274
2016-11-22,2016-12-21,528, 59.32129297159133, 31321.642689000222
2016-11-23,2016-12-22,524, 60.0870066393517, 31485.59147902029
2016-11-24,2016-12-23,533, 59.729087875579715, 31835.60383768399
2016-11-25,2016-12-24,532, 59.4281384325512, 31615.769646117238
2016-11-26,2016-12-25,550, 56.40569437603786, 31023.13190682082
2016-11-27,2016-12-26,552, 56.74682961066002, 31324.24994508433
2016-11-28,2016-12-27,539, 57.42453954470542, 30951.82681459622
2016-11-29,2016-12-28,542, 57.223067097467165, 31014.902366827202
2016-11-30,2016-12-29,512, 59.54894709915701, 30489.06091476839
2016-12-01,2016-12-30,524, 59.081320516888184, 30958.61195084941
2016-12-02,2016-12-31,510, 60.90763306392804, 31062.8928626033
2016-12-03,2017-01-01,489, 61.10402642173643, 29879.868920229113
2016-12-04,2017-01-02,524, 59.05068665369462, 30942.55980653598
2016-12-05,2017-01-03,491, 62.14416387385126, 30512.78446206097
2016-12-06,2017-01-04,492, 62.40249423358758, 30702.02716292509
2016-12-07,2017-01-05,492, 62.60557369046125, 30801.942255706934
2016-12-08,2017-01-06,483, 63.848534465462784, 30838.842146818526
2016-12-09,2017-01-07,481, 64.04700761142384, 30806.610661094863
2016-12-10,2017-01-08,480, 64.42239093252101, 30922.747647610086
2016-12-11,2017-01-09,491, 64.22868811322753, 31536.28586359472
2016-12-12,2017-01-10,500, 62.60940269213836, 31304.70134606918
2016-12-13,2017-01-11,493, 63.79079312246704, 31448.86100937625
2016-12-14,2017-01-12,501, 62.17259890619661, 31148.4720520045
2016-12-15,2017-01-13,514, 60.98844613637267, 31348.061314095554
2016-12-16,2017-01-14,522, 60.19107569509915, 31419.741512841756
2016-12-17,2017-01-15,530, 60.03999983673547, 31821.199913469798
2016-12-18,2017-01-16,530, 60.99696983560609, 32328.394012871227
2016-12-19,2017-01-17,527, 60.632144466653344, 31953.140133926314
2016-12-20,2017-01-18,533, 59.71027369476613, 31825.57587931035
2016-12-21,2017-01-19,543, 59.309178520526395, 32204.883936645834
2016-12-22,2017-01-20,536, 60.036652228185126, 32179.64559430723
2016-12-23,2017-01-21,536, 59.508102337239535, 31896.34285276039
2016-12-24,2017-01-22,504, 62.81781027113421, 31660.176376651645
2016-12-25,2017-01-23,511, 64.49423262619477, 32956.55287198553
2016-12-26,2017-01-24,515, 64.20715968607469, 33066.687238328464
2016-12-27,2017-01-25,501, 65.9606763657457, 33046.298859238595
2016-12-28,2017-01-26,486, 67.82276212046575, 32961.862390546354
2016-12-29,2017-01-27,477, 68.72378740834588, 32781.24659378099
2016-12-30,2017-01-28,460, 69.81593899381392, 32115.3319371544
2016-12-31,2017-01-29,449, 70.07177736866686, 31462.22803853142
2017-01-01,2017-01-30,444, 69.95683921304867, 31060.83661059361
2017-01-02,2017-01-31,447, 70.24302998568032, 31398.634403599102
2017-01-03,2017-02-01,465, 68.61311690166309, 31905.099359273336
2017-01-04,2017-02-02,466, 68.54917450899295, 31943.915321190714
2017-01-05,2017-02-03,462, 68.75671385960865, 31765.601803139198
2017-01-06,2017-02-04,472, 66.60502840671558, 31437.57340796975
2017-01-07,2017-02-05,494, 64.71302141720612, 31968.232580099822
2017-01-08,2017-02-06,509, 64.51422594633003, 32837.74100668199
2017-01-09,2017-02-07,514, 64.23374610725516, 33016.145499129154
2017-01-10,2017-02-08,499, 64.98614131888635, 32428.08451812429
2017-01-11,2017-02-09,505, 64.63347395398596, 32639.90434676291
2017-01-12,2017-02-10,511, 63.84487601716464, 32624.73164477113
2017-01-13,2017-02-11,520, 62.58933717437083, 32546.455330672834
2017-01-14,2017-02-12,521, 62.39303805686003, 32506.772827624074
2017-01-15,2017-02-13,533, 62.27588694804302, 33193.04774330693
2017-01-16,2017-02-14,571, 59.59032871437726, 34026.077695909415
2017-01-17,2017-02-15,573, 59.524781714011176, 34107.699922128406
2017-01-18,2017-02-16,591, 59.02318279363891, 34882.7010310406
2017-01-19,2017-02-17,586, 60.06771683681495, 35199.68206637356
2017-01-20,2017-02-18,562, 62.086688192647166, 34892.71876426771
2017-01-21,2017-02-19,565, 61.506865353332714, 34751.37892463298
2017-01-22,2017-02-20,547, 62.762688552213085, 34331.19063806056
2017-01-23,2017-02-21,543, 64.0076555697295, 34756.15697436311
2017-01-24,2017-02-22,523, 65.79980234986346, 34413.29662897858
2017-01-25,2017-02-23,528, 65.54837538304201, 34609.542202246186
2017-01-26,2017-02-24,519, 66.05935025443922, 34284.80278205396
2017-01-27,2017-02-25,529, 64.7047344629547, 34228.80453090304
2017-01-28,2017-02-26,528, 63.90635739037385, 33742.55670211739
2017-01-29,2017-02-27,548, 63.868481208512414, 34999.9277022648
2017-01-30,2017-02-28,548, 64.3913828133667, 35286.477781724956
2017-01-31,2017-03-01,535, 66.15224208413906, 35391.4495150144
2017-02-01,2017-03-02,532, 67.11029724881664, 35702.67813637045
2017-02-02,2017-03-03,536, 67.14581761461719, 35990.15824143481
2017-02-03,2017-03-04,544, 65.7956487693013, 35792.832930499906
2017-02-04,2017-03-05,559, 64.96486207408135, 36315.35789941148
2017-02-05,2017-03-06,525, 69.01726236735962, 36234.0627428638
2017-02-06,2017-03-07,512, 71.46930704379119, 36592.28520642109
2017-02-07,2017-03-08,517, 72.23516946949208, 37345.582615727406
2017-02-08,2017-03-09,506, 74.31052543904913, 37601.12587215886
2017-02-09,2017-03-10,499, 75.12206282806072, 37485.9093512023
2017-02-10,2017-03-11,509, 74.07223080853404, 37702.76548154383
2017-02-11,2017-03-12,513, 72.89292846837517, 37394.072304276466
2017-02-12,2017-03-13,519, 72.72533892793157, 37744.45090359649
2017-02-13,2017-03-14,511, 74.04138440856603, 37835.147432777245
2017-02-14,2017-03-15,497, 76.39674205904221, 37969.18080334398
2017-02-15,2017-03-16,490, 78.06295924031423, 38250.85002775397
2017-02-16,2017-03-17,474, 80.07558846472925, 37955.82893228166
2017-02-17,2017-03-18,484, 77.85344681641848, 37681.068259146545
2017-02-18,2017-03-19,477, 77.28134157665697, 36863.19993206538
2017-02-19,2017-03-20,497, 75.88291445260029, 37713.808482942346
2017-02-20,2017-03-21,509, 74.61107446494911, 37977.0369026591
2017-02-21,2017-03-22,498, 75.9041543859653, 37800.268884210716
2017-02-22,2017-03-23,495, 76.04523567880855, 37642.39166101023
2017-02-23,2017-03-24,477, 78.80591000397683, 37590.41907189695
2017-02-24,2017-03-25,496, 76.47651802654995, 37932.35294116878
2017-02-25,2017-03-26,502, 75.40126044041658, 37851.43274108912
2017-02-26,2017-03-27,502, 76.03161095558376, 38167.868699703045
2017-02-27,2017-03-28,511, 75.44124876000002, 38550.47811636001
2017-02-28,2017-03-29,525, 74.57164729027613, 39150.11482739497
2017-03-01,2017-03-30,540, 73.2319953484275, 39545.27748815085
2017-03-02,2017-03-31,549, 71.61641165054921, 39317.40999615152
2017-03-03,2017-04-01,551, 71.14271550180337, 39199.63624149365
2017-03-04,2017-04-02,554, 70.42139522660025, 39013.452955536544
2017-03-05,2017-04-03,560, 70.29107481873993, 39363.00189849436
2017-03-06,2017-04-04,569, 69.10183568138947, 39318.94450271061
2017-03-07,2017-04-05,578, 68.55153335230611, 39622.78627763293
2017-03-08,2017-04-06,581, 68.57796433888961, 39843.79728089487
2017-03-09,2017-04-07,585, 68.39604395662892, 40011.685714627914
2017-03-10,2017-04-08,555, 69.44569766227505, 38542.362202562654
2017-03-11,2017-04-09,549, 69.38940516895761, 38094.78343775773
2017-03-12,2017-04-10,559, 69.04576709738785, 38596.58380743981
2017-03-13,2017-04-11,550, 70.02019899488451, 38511.10944718648
2017-03-14,2017-04-12,549, 69.75967725703988, 38298.06281411489
2017-03-15,2017-04-13,576, 67.78759473076843, 39045.65456492262
2017-03-16,2017-04-14,553, 69.65805864851968, 38520.90643263138
2017-03-17,2017-04-15,560, 68.9777401761386, 38627.534498637615
2017-03-18,2017-04-16,556, 68.77629785755428, 38239.62160880018
2017-03-19,2017-04-17,557, 68.73463258798053, 38285.19035150515
2017-03-20,2017-04-18,547, 69.6535022344847, 38100.465722263136
2017-03-21,2017-04-19,563, 68.17181495049878, 38380.731817130814
2017-03-22,2017-04-20,559, 69.27244937169773, 38723.29919877903
2017-03-23,2017-04-21,553, 69.57813799003738, 38476.71030849067
2017-03-24,2017-04-22,543, 69.21585667191151, 37584.21017284795
2017-03-25,2017-04-23,551, 68.30254766351035, 37634.7037625942
2017-03-26,2017-04-24,547, 69.10624203730433, 37801.114394405464
2017-03-27,2017-04-25,534, 70.47510794133237, 37633.707640671484
2017-03-28,2017-04-26,548, 68.07873611908366, 37307.147393257845
2017-03-29,2017-04-27,529, 70.27620464564569, 37176.11225754657
2017-03-30,2017-04-28,550, 68.91969512582112, 37905.83231920162
2017-03-31,2017-04-29,569, 67.6971996965723, 38519.70662734964
2017-04-01,2017-04-30,540, 70.72136812563312, 38189.538787841884
2017-04-02,2017-05-01,555, 70.46174534444577, 39106.2686661674
2017-04-03,2017-05-02,539, 72.91586384915115, 39301.65061469247
2017-04-04,2017-05-03,533, 74.27419533235768, 39588.14611214664
2017-04-05,2017-05-04,504, 77.56696006078695, 39093.747870636624
2017-04-06,2017-05-05,519, 75.93550855933577, 39410.52894229526
2017-04-07,2017-05-06,552, 72.60059901281267, 40075.530655072595
2017-04-08,2017-05-07,562, 71.38159776969516, 40116.457946568684
2017-04-09,2017-05-08,557, 72.3740825520346, 40312.36398148327
2017-04-10,2017-05-09,561, 73.2511010026604, 41093.867662492485
2017-04-11,2017-05-10,579, 72.81553214539343, 42160.193112182795
2017-04-12,2017-05-11,563, 75.21103275472004, 42343.81144090738
2017-04-13,2017-05-12,576, 73.78191558737757, 42498.38337832948
2017-04-14,2017-05-13,523, 78.42656037269066, 41017.09107491722
2017-04-15,2017-05-14,494, 82.11092252193754, 40562.795725837146
2017-04-16,2017-05-15,526, 79.57184536232457, 41854.79066058272
2017-04-17,2017-05-16,511, 81.97569687934899, 41889.58110534733
2017-04-18,2017-05-17,491, 84.45331185445822, 41466.576120538986
2017-04-19,2017-05-18,500, 83.8101129639406, 41905.0564819703
2017-04-20,2017-05-19,473, 87.38716429405976, 41334.12871109026
2017-04-21,2017-05-20,479, 85.00362779683826, 40716.73771468553
2017-04-22,2017-05-21,515, 80.67074369339674, 41545.43300209932
2017-04-23,2017-05-22,490, 83.572669627457, 40950.60811745393
2017-04-24,2017-05-23,493, 83.80776924964393, 41317.23024007445
2017-04-25,2017-05-24,493, 84.75727398205376, 41785.3360731525
2017-04-26,2017-05-25,473, 86.95683619778175, 41130.58352155077
2017-04-27,2017-05-26,506, 82.72736042713326, 41860.04437612943
2017-04-28,2017-05-27,502, 82.51804073866448, 41424.05645080957
2017-04-29,2017-05-28,495, 83.2985247870089, 41232.76976956941
2017-04-30,2017-05-29,496, 82.8910606149164, 41113.96606499853
2017-05-01,2017-05-30,498, 82.81595433113894, 41242.34525690719
2017-05-02,2017-05-31,524, 80.72740569369785, 42301.16058349767
2017-05-03,2017-06-01,534, 79.7838458228231, 42604.57366938753
2017-05-04,2017-06-02,541, 78.53627757133995, 42488.12616609492
2017-05-05,2017-06-03,577, 75.01014034830406, 43280.850980971445
2017-05-06,2017-06-04,579, 74.84015847420086, 43332.4517565623
2017-05-07,2017-06-05,576, 75.15644992593212, 43290.115157336906
2017-05-08,2017-06-06,574, 75.44744913254938, 43306.83580208334
2017-05-09,2017-06-07,581, 75.10674462068476, 43637.01862461785
2017-05-10,2017-06-08,571, 75.74631735408904, 43251.14720918484
2017-05-11,2017-06-09,566, 75.15426534737463, 42537.31418661404
2017-05-12,2017-06-10,559, 75.86340258965748, 42407.64204761853
2017-05-13,2017-06-11,547, 77.62012170104293, 42458.20657047049
2017-05-14,2017-06-12,542, 77.98414530515846, 42267.40675539589
2017-05-15,2017-06-13,539, 78.59965546742953, 42365.21429694451
2017-05-16,2017-06-14,552, 76.75498754483189, 42368.75312474721
2017-05-17,2017-06-15,557, 76.04571611504784, 42357.463876081645
2017-05-18,2017-06-16,558, 76.67690235598661, 42785.71151464053
2017-05-19,2017-06-17,567, 75.1113181164535, 42588.11737202913
2017-05-20,2017-06-18,576, 74.2364360410473, 42760.18715964325
2017-05-21,2017-06-19,584, 74.03157265691937, 43234.43843164091
2017-05-22,2017-06-20,590, 73.77645557041399, 43528.10878654425
2017-05-23,2017-06-21,602, 73.3807331181733, 44175.20133714032
2017-05-24,2017-06-22,615, 73.25917703401143, 45054.39387591703
2017-05-25,2017-06-23,621, 72.89780856998816, 45269.53912196265
2017-05-26,2017-06-24,613, 74.45691877577968, 45642.09120955295
2017-05-27,2017-06-25,617, 73.75295874203844, 45505.575543837724
2017-05-28,2017-06-26,620, 74.40177767277754, 46129.10215712208
2017-05-29,2017-06-27,608, 75.79521904699378, 46083.493180572215
2017-05-30,2017-06-28,619, 76.38455732675918, 47282.04098526393
2017-05-31,2017-06-29,623, 76.70148114556628, 47785.022753687794
2017-06-01,2017-06-30,613, 77.84720848873332, 47720.33880359352
2017-06-02,2017-07-01,609, 78.71495048507566, 47937.40484541108
2017-06-03,2017-07-02,636, 76.87008679731284, 48889.37520309097
2017-06-04,2017-07-03,626, 78.61587200456029, 49213.535874854744
2017-06-05,2017-07-04,598, 80.11262478345805, 47907.349620507914
2017-06-06,2017-07-05,596, 80.33045762134256, 47876.952742320165
2017-06-07,2017-07-06,574, 82.24945756689768, 47211.18864339926
2017-06-08,2017-07-07,619, 78.61569900192657, 48663.11768219255
2017-06-09,2017-07-08,589, 80.17387601675733, 47222.41297387007
2017-06-10,2017-07-09,595, 79.13920985389578, 47087.829863067986
2017-06-11,2017-07-10,612, 78.58085636155815, 48091.48409327358
2017-06-12,2017-07-11,616, 79.52485554899869, 48987.311018183194
2017-06-13,2017-07-12,622, 79.49221621040259, 49444.15848287041
2017-06-14,2017-07-13,610, 81.2368179939944, 49554.45897633659
2017-06-15,2017-07-14,597, 82.02845396634241, 48970.98701790642
2017-06-16,2017-07-15,598, 81.42604514496531, 48692.77499668926
2017-06-17,2017-07-16,582, 83.46820165523076, 48578.4933633443
2017-06-18,2017-07-17,586, 84.01569373439987, 49233.19652835833
2017-06-19,2017-07-18,568, 86.58786279961026, 49181.90607017863
2017-06-20,2017-07-19,563, 87.78812653058259, 49424.715236717995
2017-06-21,2017-07-20,568, 88.3284352727165, 50170.551234902974
2017-06-22,2017-07-21,555, 90.37748450653044, 50159.50390112439
2017-06-23,2017-07-22,562, 89.60775384853476, 50359.557662876534
2017-06-24,2017-07-23,561, 89.57781148727251, 50253.15224435988
2017-06-25,2017-07-24,581, 88.62195395263251, 51489.355246479485
2017-06-26,2017-07-25,576, 88.30875679287725, 50865.843912697295
2017-06-27,2017-07-26,581, 88.48819373617097, 51411.640560715336
2017-06-28,2017-07-27,567, 90.60398461415011, 51372.45927622311
2017-06-29,2017-07-28,572, 90.26475641728595, 51631.44067068757
2017-06-30,2017-07-29,563, 90.99633892801418, 51230.938816471986
2017-07-01,2017-07-30,558, 91.7156105961076, 51177.31071262804
2017-07-02,2017-07-31,551, 92.45922011290652, 50945.03028221149
2017-07-03,2017-08-01,573, 90.49972897600666, 51856.344703251816
2017-07-04,2017-08-02,579, 90.3946154225601, 52338.48232966229
2017-07-05,2017-08-03,573, 91.24448509710999, 52283.08996064402
2017-07-06,2017-08-04,581, 90.76918150043333, 52736.89445175177
2017-07-07,2017-08-05,600, 88.46038413483653, 53076.23048090192
2017-07-08,2017-08-06,595, 89.0810497483763, 53003.2246002839
2017-07-09,2017-08-07,593, 88.35364734795961, 52393.71287734005
2017-07-10,2017-08-08,595, 87.5513911154187, 52093.07771367412
2017-07-11,2017-08-09,596, 88.46876597519795, 52727.38452121798
2017-07-12,2017-08-10,581, 90.25580699893828, 52438.62386638315
2017-07-13,2017-08-11,583, 90.32728520859582, 52660.80727661136
2017-07-14,2017-08-12,572, 90.73858408843577, 51902.47009858526
2017-07-15,2017-08-13,570, 90.80774080813586, 51760.412260637444
2017-07-16,2017-08-14,591, 88.561655576405, 52339.93844565535
2017-07-17,2017-08-15,584, 88.61504284294344, 51751.185020278965
2017-07-18,2017-08-16,583, 89.08452923760385, 51936.28054552304
2017-07-19,2017-08-17,609, 86.7028716045768, 52802.04880718727
2017-07-20,2017-08-18,611, 86.08971568035793, 52600.816280698695
2017-07-21,2017-08-19,631, 83.39815994892696, 52624.23892777291
2017-07-22,2017-08-20,655, 81.52937715815428, 53401.74203859105
2017-07-23,2017-08-21,623, 83.71649959866464, 52155.37924996807
2017-07-24,2017-08-22,655, 81.402182732163, 53318.429689566765
2017-07-25,2017-08-23,643, 82.09255373352514, 52785.51205065666
2017-07-26,2017-08-24,640, 82.40498750255988, 52739.19200163832
2017-07-27,2017-08-25,649, 81.85506175892925, 53123.93508154509
2017-07-28,2017-08-26,634, 82.58832680036416, 52360.99919143088
2017-07-29,2017-08-27,628, 82.94086440560979, 52086.86284672295
2017-07-30,2017-08-28,633, 82.0722808902498, 51951.753803528125
2017-07-31,2017-08-29,628, 82.07328595162264, 51542.02357761902
2017-08-01,2017-08-30,627, 82.1182081414997, 51488.11650472031
2017-08-02,2017-08-31,655, 80.22230766217467, 52545.611518724414
2017-08-03,2017-09-01,665, 80.43838790465198, 53491.52795659356
2017-08-04,2017-09-02,652, 80.73718859823522, 52640.64696604936
2017-08-05,2017-09-03,638, 81.63409754630361, 52082.5542345417
2017-08-06,2017-09-04,647, 80.51167014974801, 52091.050586886966
2017-08-07,2017-09-05,655, 80.04085343119903, 52426.75899743536
2017-08-08,2017-09-06,658, 79.52102149102201, 52324.832141092484
2017-08-09,2017-09-07,650, 79.99741921161747, 51998.322487551355
2017-08-10,2017-09-08,646, 80.33551988053918, 51896.74584282831
2017-08-11,2017-09-09,654, 78.97410421982335, 51649.06415976447
2017-08-12,2017-09-10,643, 79.67331513982296, 51229.941634906165
2017-08-13,2017-09-11,666, 78.47162956512119, 52262.10529037072
2017-08-14,2017-09-12,677, 78.41384676850446, 53086.17426227752
2017-08-15,2017-09-13,692, 77.93951241823137, 53934.14259341611
2017-08-16,2017-09-14,703, 78.4751406372336, 55168.023867975215
2017-08-17,2017-09-15,724, 80.0906261962205, 57985.61336606364
2017-08-18,2017-09-16,732, 79.28001796810665, 58032.97315265407
2017-08-19,2017-09-17,717, 80.24600653041047, 57536.386682304306
2017-08-20,2017-09-18,704, 81.35322063074115, 57272.66732404177
2017-08-21,2017-09-19,710, 81.03789764677896, 57536.907329213056
2017-08-22,2017-09-20,708, 81.22586597764914, 57507.91311217559
2017-08-23,2017-09-21,710, 81.07261806360611, 57561.55882516034
2017-08-24,2017-09-22,712, 81.62346553823544, 58115.90746322363
2017-08-25,2017-09-23,712, 81.47720446966109, 58011.769582398694
2017-08-26,2017-09-24,716, 81.21496313493736, 58149.913604615154
2017-08-27,2017-09-25,710, 81.6346897789918, 57960.62974308418
2017-08-28,2017-09-26,710, 81.75458817744376, 58045.75760598507
2017-08-29,2017-09-27,707, 82.18692832131138, 58106.158323167154
2017-08-30,2017-09-28,710, 81.41791416743692, 57806.71905888021
2017-08-31,2017-09-29,721, 80.86992405313315, 58307.215242309
2017-09-01,2017-09-30,694, 81.6520270983673, 56666.5068062669
2017-09-02,2017-10-01,702, 80.65353167604918, 56618.779236586524
2017-09-03,2017-10-02,696, 81.51631910066456, 56735.35809406253
2017-09-04,2017-10-03,696, 80.92471732433158, 56323.60325773478
2017-09-05,2017-10-04,725, 79.07934875143172, 57332.527844788
2017-09-06,2017-10-05,715, 79.09279981383403, 56551.35186689133
2017-09-07,2017-10-06,727, 78.24028066175705, 56880.68404109738
2017-09-08,2017-10-07,722, 77.00934434871667, 55600.74661977343
2017-09-09,2017-10-08,739, 75.73712099276555, 55969.73241365374
2017-09-10,2017-10-09,756, 74.98031293040165, 56685.116575383654
2017-09-11,2017-10-10,758, 75.18995561063235, 56993.98635285933
2017-09-12,2017-10-11,766, 74.50798241258111, 57073.114528037135
2017-09-13,2017-10-12,777, 73.66569628646664, 57238.24601458458
2017-09-14,2017-10-13,797, 72.41409245850653, 57714.0316894297
2017-09-15,2017-10-14,794, 71.98537592297393, 57156.3884828413
2017-09-16,2017-10-15,787, 72.77123736932256, 57270.96380965685
2017-09-17,2017-10-16,773, 73.57592939916799, 56874.193425556856
2017-09-18,2017-10-17,757, 74.9934993440691, 56770.079003460305
2017-09-19,2017-10-18,754, 74.72316984614277, 56341.270063991644
2017-09-20,2017-10-19,745, 75.60970349871099, 56329.229106539686
2017-09-21,2017-10-20,746, 75.62628674141038, 56417.20990909215
2017-09-22,2017-10-21,754, 74.494806609338, 56169.08418344086
2017-09-23,2017-10-22,747, 74.56369738849061, 55699.08194920249
2017-09-24,2017-10-23,746, 75.429151411028, 56270.14695262689
2017-09-25,2017-10-24,745, 75.42222433463802, 56189.55712930532
2017-09-26,2017-10-25,738, 75.01985741487391, 55364.654772176946
2017-09-27,2017-10-26,772, 73.46924353809942, 56718.256011412755
2017-09-28,2017-10-27,757, 74.19899125986137, 56168.63638371506
2017-09-29,2017-10-28,730, 75.2970653485622, 54966.857704450405
2017-09-30,2017-10-29,740, 74.38973945347873, 55048.407195574255
2017-10-01,2017-10-30,715, 75.47133669619222, 53962.00573777744
2017-10-02,2017-10-31,697, 76.71735016887529, 53471.99306770608
2017-10-03,2017-11-01,699, 76.52719678096352, 53492.5105498935
2017-10-04,2017-11-02,693, 77.12488205925858, 53447.5432670662
2017-10-05,2017-11-03,664, 78.63126291804795, 52211.15857758384
2017-10-06,2017-11-04,660, 77.75847490682756, 51320.593438506185
2017-10-07,2017-11-05,640, 78.69210652162523, 50362.94817384015
2017-10-08,2017-11-06,662, 77.83497221912843, 51526.75160906302
2017-10-09,2017-11-07,671, 76.90710231754134, 51604.66565507025
2017-10-10,2017-11-08,684, 76.36341521265217, 52232.57600545409
2017-10-11,2017-11-09,685, 76.92221529543303, 52691.717477371625
2017-10-12,2017-11-10,684, 76.29639062598392, 52186.731188173
2017-10-13,2017-11-11,678, 75.60920225969997, 51263.03913207658
2017-10-14,2017-11-12,690, 75.10999658682591, 51825.897644909885
2017-10-15,2017-11-13,699, 74.27738027006029, 51919.88880877214
2017-10-16,2017-11-14,702, 74.49931491857618, 52298.51907284048
2017-10-17,2017-11-15,700, 75.3873293992404, 52771.130579468285
2017-10-18,2017-11-16,702, 75.46707041926861, 52977.88343432656
2017-10-19,2017-11-17,699, 76.00054151768623, 53124.37852086268
2017-10-20,2017-11-18,693, 75.62186056942953, 52405.94937461466
2017-10-21,2017-11-19,680, 76.19273842847886, 51811.06213136563
2017-10-22,2017-11-20,682, 76.10704487287553, 51905.00460330111
2017-10-23,2017-11-21,682, 76.55852810415352, 52212.9161670327
2017-10-24,2017-11-22,669, 77.20778046843658, 51652.005133384075
2017-10-25,2017-11-23,684, 76.14723318913565, 52084.707501368786
2017-10-26,2017-11-24,664, 76.88656598610226, 51052.679814771895
2017-10-27,2017-11-25,673, 76.07107090167136, 51195.83071682483
2017-10-28,2017-11-26,676, 75.62527716677013, 51122.68736473661
2017-10-29,2017-11-27,670, 75.4922578630658, 50579.81276825409
2017-10-30,2017-11-28,670, 75.30888167499555, 50456.95072224701
2017-10-31,2017-11-29,668, 75.57176124431734, 50481.93651120398
2017-11-01,2017-11-30,669, 75.88761957442482, 50768.817495290205
2017-11-02,2017-12-01,672, 76.31704311534158, 51285.05297350954
2017-11-03,2017-12-02,688, 74.2616416318902, 51092.009442740455
2017-11-04,2017-12-03,686, 74.12631349068609, 50850.65105461066
2017-11-05,2017-12-04,669, 75.69742922330052, 50641.58015038805
2017-11-06,2017-12-05,683, 75.10870629388504, 51299.24639872348
2017-11-07,2017-12-06,680, 75.27228330547835, 51185.15264772528
2017-11-08,2017-12-07,670, 76.00718587078657, 50924.814533427
2017-11-09,2017-12-08,681, 75.15911152487966, 51183.354948443055
2017-11-10,2017-12-09,667, 76.14073407621392, 50785.869628834684
2017-11-11,2017-12-10,666, 76.38155089765465, 50870.112897838
2017-11-12,2017-12-11,660, 77.0185077356651, 50832.21510553896
2017-11-13,2017-12-12,630, 79.12469163450118, 49848.555729735745
2017-11-14,2017-12-13,642, 78.07985906731194, 50127.26952121427
2017-11-15,2017-12-14,636, 78.6354558173199, 50012.14989981545
2017-11-16,2017-12-15,628, 79.16977554288907, 49718.61904093434
2017-11-17,2017-12-16,644, 77.03618753579296, 49611.304773050666
2017-11-18,2017-12-17,638, 77.1051529528079, 49193.087583891436
2017-11-19,2017-12-18,665, 75.30926799851107, 50080.66321900987
2017-11-20,2017-12-19,672, 74.5612833292477, 50105.18239725445
2017-11-21,2017-12-20,666, 75.0743857472774, 49999.54090768675
2017-11-22,2017-12-21,654, 75.87715320038696, 49623.658193053074
2017-11-23,2017-12-22,636, 76.60750329051201, 48722.37209276564
2017-11-24,2017-12-23,636, 76.82767521294375, 48862.40143543222
2017-11-25,2017-12-24,649, 75.37752962275994, 48920.0167251712
2017-11-26,2017-12-25,644, 75.46204630035749, 48597.55781743022
2017-11-27,2017-12-26,640, 75.56690236711583, 48362.817514954135
2017-11-28,2017-12-27,631, 76.24603073393907, 48111.245393115554
2017-11-29,2017-12-28,626, 77.09849723875261, 48263.65927145914
2017-11-30,2017-12-29,629, 76.90019410086938, 48370.22208944684
2017-12-01,2017-12-30,595, 79.94766975725842, 47568.86350556876
2017-12-02,2017-12-31,604, 78.84809224079407, 47624.24771343962
2017-12-03,2018-01-01,602, 78.29094322069646, 47131.147818859274
2017-12-04,2018-01-02,594, 79.19952235109523, 47044.51627655057
2017-12-05,2018-01-03,585, 79.2944607106805, 46387.25951574809
2017-12-06,2018-01-04,574, 80.23802727936123, 46056.62765835335
2017-12-07,2018-01-05,578, 79.88920784794571, 46175.96213611262
2017-12-08,2018-01-06,576, 80.91751797851569, 46608.490355625036
2017-12-09,2018-01-07,577, 80.36359016775047, 46369.791526792025
2017-12-10,2018-01-08,598, 78.95973248366148, 47217.92002522957
2017-12-11,2018-01-09,575, 81.04494291734366, 46600.8421774726
2017-12-12,2018-01-10,598, 80.08754097988373, 47892.34950597047
2017-12-13,2018-01-11,608, 79.70356162155527, 48459.765465905606
2017-12-14,2018-01-12,622, 78.33059383585456, 48721.629365901535
2017-12-15,2018-01-13,617, 79.05682829204095, 48778.06305618926
2017-12-16,2018-01-14,626, 79.10371654163671, 49518.92655506458
2017-12-17,2018-01-15,630, 79.02469672635006, 49785.55893760054
2017-12-18,2018-01-16,647, 78.3121141468139, 50667.93785298859
2017-12-19,2018-01-17,658, 78.3215569286911, 51535.58445907874
2017-12-20,2018-01-18,638, 78.98327144272353, 50391.327180457614
2017-12-21,2018-01-19,653, 78.65223530423381, 51359.90965366468
2017-12-22,2018-01-20,636, 80.38998618952951, 51128.03121654077
2017-12-23,2018-01-21,641, 80.75200339814694, 51762.03417821219
2017-12-24,2018-01-22,660, 80.44896988086266, 53096.320121369354
2017-12-25,2018-01-23,647, 82.64785312650324, 53473.160972847596
2017-12-26,2018-01-24,652, 83.00157990604663, 54117.0300987424
2017-12-27,2018-01-25,674, 81.4908279041095, 54924.818007369795
2017-12-28,2018-01-26,662, 82.23201051877517, 54437.59096342916
2017-12-29,2018-01-27,656, 82.95385260974466, 54417.727311992494
2017-12-30,2018-01-28,662, 82.44372647008899, 54577.74692319891
2017-12-31,2018-01-29,641, 85.08705061722412, 54540.79944564066
2018-01-01,2018-01-30,643, 85.7104945597216, 55111.84800190099
2018-01-02,2018-01-31,639, 86.19892435102268, 55081.11266030349
2018-01-03,2018-02-01,627, 86.89175750145213, 54481.131953410484
2018-01-04,2018-02-02,630, 87.09441607638487, 54869.48212812247
2018-01-05,2018-02-03,622, 87.16514311262677, 54216.719016053845
2018-01-06,2018-02-04,630, 86.99769177586276, 54808.54581879354
2018-01-07,2018-02-05,615, 88.09974986026701, 54181.34616406421
2018-01-08,2018-02-06,616, 87.58945198773546, 53955.102424445045
2018-01-09,2018-02-07,621, 87.57787635322872, 54385.861215355035
2018-01-10,2018-02-08,609, 87.87485337222567, 53515.78570368543
2018-01-11,2018-02-09,607, 88.57879719994615, 53767.32990036732
2018-01-12,2018-02-10,611, 89.11454406674996, 54448.98642478422
2018-01-13,2018-02-11,622, 88.02382157453404, 54750.81701936017
2018-01-14,2018-02-12,611, 89.38629116890499, 54615.02390420095
2018-01-15,2018-02-13,614, 89.14012507934017, 54732.036798714864
2018-01-16,2018-02-14,618, 89.10053691085983, 55064.13181091138
2018-01-17,2018-02-15,624, 89.67592181587143, 55957.77521310378
2018-01-18,2018-02-16,613, 90.40587200151646, 55418.79953692959
2018-01-19,2018-02-17,611, 91.26910485345651, 55765.42306546193
2018-01-20,2018-02-18,628, 90.03880805179466, 56544.37145652705
2018-01-21,2018-02-19,624, 91.39002696944497, 57027.376828933666
2018-01-22,2018-02-20,640, 89.89031331710815, 57529.80052294922
2018-01-23,2018-02-21,628, 90.83797067237317, 57046.245582250354
2018-01-24,2018-02-22,629, 90.50321984976236, 56926.525285500524
2018-01-25,2018-02-23,637, 90.25748195148088, 57494.01600309332
2018-01-26,2018-02-24,636, 90.01024497589516, 57246.515804669325
2018-01-27,2018-02-25,624, 91.26545295205672, 56949.642642083396
2018-01-28,2018-02-26,622, 91.5706077502154, 56956.91802063398
2018-01-29,2018-02-27,626, 92.36032992188379, 57817.56653109925
2018-01-30,2018-02-28,618, 93.42097018681035, 57734.15957544879
2018-01-31,2018-03-01,644, 91.60028985841907, 58990.58666882189
2018-02-01,2018-03-02,641, 92.77668557797692, 59469.85545548321
2018-02-02,2018-03-03,679, 89.54286851281556, 60799.60772020176
2018-02-03,2018-03-04,692, 88.40483649129163, 61176.14685197381
2018-02-04,2018-03-05,693, 88.2151916333259, 61133.12780189485
2018-02-05,2018-03-06,685, 88.83383477839479, 60851.176823200425
2018-02-06,2018-03-07,656, 91.01827098941489, 59707.98576905616
2018-02-07,2018-03-08,632, 94.0151357985028, 59417.565824653764
2018-02-08,2018-03-09,622, 95.17885137937395, 59201.2455579706
2018-02-09,2018-03-10,617, 95.60751266391887, 58989.835313637945
2018-02-10,2018-03-11,610, 96.15934162626569, 58657.19839202207
2018-02-11,2018-03-12,603, 97.0807576836585, 58539.69688324608
2018-02-12,2018-03-13,606, 97.10236925938507, 58844.03577118735
2018-02-13,2018-03-14,596, 99.29833855623455, 59181.809779515796
2018-02-14,2018-03-15,615, 97.73656544825283, 60107.98775067549
2018-02-15,2018-03-16,632, 96.88533813778841, 61231.53370308227
2018-02-16,2018-03-17,644, 95.46999971388391, 61482.679815741234
2018-02-17,2018-03-18,672, 93.34222299378268, 62725.97385182197
2018-02-18,2018-03-19,629, 99.30218038112996, 62461.071459730745
2018-02-19,2018-03-20,647, 98.00918692976694, 63411.943943559214
2018-02-20,2018-03-21,653, 97.15003322903762, 63438.97169856157
2018-02-21,2018-03-22,643, 97.8498594078345, 62917.45959923758
2018-02-22,2018-03-23,647, 98.87857551637885, 63974.43835909711
2018-02-23,2018-03-24,652, 98.28184580092116, 64079.7634622006
2018-02-24,2018-03-25,642, 99.33564083044708, 63773.48141314702
2018-02-25,2018-03-26,668, 97.61462605120245, 65206.570202203235
2018-02-26,2018-03-27,649, 99.6267441426392, 64657.75694857284
2018-02-27,2018-03-28,661, 98.67309689554313, 65222.917047954004
2018-02-28,2018-03-29,678, 97.64172070151037, 66201.08663562403
2018-03-01,2018-03-30,666, 97.97841567823798, 65253.62484170649
2018-03-02,2018-03-31,682, 96.34903581930057, 65710.04242876299
2018-03-03,2018-04-01,649, 99.30263723347775, 64447.411564527065
2018-03-04,2018-04-02,673, 96.69585440390904, 65076.31001383078
2018-03-05,2018-04-03,683, 96.47354867023878, 65891.43374177309
2018-03-06,2018-04-04,686, 96.86018870482118, 66446.08945150733
2018-03-07,2018-04-05,668, 99.16468711823522, 66242.01099498113
2018-03-08,2018-04-06,681, 97.67388764983122, 66515.91748953506
2018-03-09,2018-04-07,671, 97.50526814986847, 65426.03492856174
2018-03-10,2018-04-08,664, 98.18486548883637, 65194.75068458734
2018-03-11,2018-04-09,664, 97.43094880970497, 64694.1500096441
2018-03-12,2018-04-10,658, 97.6628957858624, 64262.18542709746
2018-03-13,2018-04-11,661, 96.96333555708065, 64092.76480323031
2018-03-14,2018-04-12,654, 97.7528892494569, 63930.38956914481
2018-03-15,2018-04-13,636, 99.30490129495841, 63157.91722359355
2018-03-16,2018-04-14,645, 97.860065109886, 63119.741995876466
2018-03-17,2018-04-15,647, 97.48573173857447, 63073.26843485769
2018-03-18,2018-04-16,640, 97.7316356143726, 62548.246793198465
2018-03-19,2018-04-17,637, 98.11661230912482, 62500.28204091251
2018-03-20,2018-04-18,649, 96.80443175991473, 62826.076212184664
2018-03-21,2018-04-19,659, 94.00923352794129, 61952.084894913314
2018-03-22,2018-04-20,650, 94.99366891213575, 61745.88479288824
2018-03-23,2018-04-21,634, 95.30235448506231, 60421.69274352951
2018-03-24,2018-04-22,600, 99.8506501458895, 59910.3900875337
2018-03-25,2018-04-23,605, 100.7027667955878, 60925.173911330625
2018-03-26,2018-04-24,601, 101.27147295265029, 60864.155244542824
2018-03-27,2018-04-25,599, 101.43365724659644, 60758.76069071127
2018-03-28,2018-04-26,595, 101.8487531519488, 60600.008125409535
2018-03-29,2018-04-27,600, 101.56215299620325, 60937.29179772195
2018-03-30,2018-04-28,591, 101.49117420680993, 59981.283956224666
2018-03-31,2018-04-29,588, 101.24169403884201, 59530.116094839104
2018-04-01,2018-04-30,598, 99.62105715768368, 59573.39218029484
2018-04-02,2018-05-01,617, 97.3379104675494, 60057.49075847798
2018-04-03,2018-05-02,627, 96.58571582921043, 60559.24382491494
2018-04-04,2018-05-03,620, 97.11956833489671, 60214.13236763596
2018-04-05,2018-05-04,635, 95.8896984210682, 60889.95849737831
2018-04-06,2018-05-05,628, 95.98764463490201, 60280.24083071846
2018-04-07,2018-05-06,645, 94.44339484807637, 60915.98967700926
2018-04-08,2018-05-07,629, 96.17585963728114, 60494.61571184984
2018-04-09,2018-05-08,630, 96.88653161748309, 61038.51491901434
2018-04-10,2018-05-09,623, 98.14556267577788, 61144.68554700962
2018-04-11,2018-05-10,627, 97.631682072517, 61215.06465946815
2018-04-12,2018-05-11,637, 96.89923974100944, 61724.81571502301
2018-04-13,2018-05-12,634, 95.99458876501586, 60860.569277020055
2018-04-14,2018-05-13,652, 95.27821295450508, 62121.39484633731
2018-04-15,2018-05-14,670, 94.32750236143018, 63199.42658215822
2018-04-16,2018-05-15,675, 95.01796929429501, 64137.12927364913
2018-04-17,2018-05-16,658, 96.42922657761929, 63450.43108807349
2018-04-18,2018-05-17,642, 98.5388553521142, 63261.945136057315
2018-04-19,2018-05-18,653, 98.25160782997246, 64158.29991297201
2018-04-20,2018-05-19,647, 98.0659706539317, 63448.68301309381
2018-04-21,2018-05-20,627, 100.35455482666801, 62922.30587632084
2018-04-22,2018-05-21,636, 99.92449049114856, 63551.975952370485
2018-04-23,2018-05-22,657, 99.27461523137968, 65223.422207016454
2018-04-24,2018-05-23,658, 100.41800857619607, 66075.04964313701
2018-04-25,2018-05-24,657, 102.13696721391499, 67103.98745954214
2018-04-26,2018-05-25,664, 101.60206394033918, 67463.77045638522
2018-04-27,2018-05-26,629, 103.83695851756991, 65313.44690755147
2018-04-28,2018-05-27,626, 104.82832816378841, 65622.53343053155
2018-04-29,2018-05-28,637, 104.03366122899301, 66269.44220286855
2018-04-30,2018-05-29,644, 105.05585166670059, 67655.96847335518
2018-05-01,2018-05-30,598, 109.55360527322678, 65513.055953389616
2018-05-02,2018-05-31,603, 108.48701671478896, 65417.671079017746
2018-05-03,2018-06-01,625, 106.13644502547463, 66335.27814092164
2018-05-04,2018-06-02,613, 106.65087781598153, 65376.98810119668
2018-05-05,2018-06-03,626, 104.58864367787015, 65472.49094234672
2018-05-06,2018-06-04,614, 105.69027313748154, 64893.827706413664
2018-05-07,2018-06-05,636, 103.27780884948115, 65684.68642827001
2018-05-08,2018-06-06,628, 104.55069423890838, 65657.83598203446
2018-05-09,2018-06-07,653, 102.95409368259135, 67229.02317473215
2018-05-10,2018-06-08,671, 100.92278287327895, 67719.18730797018
2018-05-11,2018-06-09,677, 99.92911109685824, 67652.00821257303
2018-05-12,2018-06-10,689, 99.03532935662983, 68235.34192671796
2018-05-13,2018-06-11,710, 96.9666552079485, 68846.32519764344
2018-05-14,2018-06-12,708, 96.95354622851136, 68643.11072978604
2018-05-15,2018-06-13,720, 95.61802434830742, 68844.97753078134
2018-05-16,2018-06-14,734, 93.61944816038772, 68716.67494972459
2018-05-17,2018-06-15,740, 93.43519572554435, 69142.04483690282
2018-05-18,2018-06-16,784, 90.26738838783845, 70769.63249606534
2018-05-19,2018-06-17,776, 90.12680794294171, 69938.40296372276
2018-05-20,2018-06-18,767, 90.91969225473441, 69735.40395938129
2018-05-21,2018-06-19,754, 91.1759532744496, 68746.668768935
2018-05-22,2018-06-20,742, 92.4055701555751, 68564.93305543673
2018-05-23,2018-06-21,774, 90.5634700496136, 70096.12581840092
2018-05-24,2018-06-22,812, 88.06045723627007, 71505.0912758513
2018-05-25,2018-06-23,792, 88.23275910783265, 69880.34521340346
2018-05-26,2018-06-24,786, 88.70809774291901, 69724.56482593434
2018-05-27,2018-06-25,798, 87.54648733656398, 69862.09689457806
2018-05-28,2018-06-26,793, 88.49442729479222, 70176.08084477023
2018-05-29,2018-06-27,797, 89.08094697321201, 70997.51473764997
2018-05-30,2018-06-28,791, 89.39783788023605, 70713.68976326672
2018-05-31,2018-06-29,806, 88.02047569450446, 70944.5034097706
2018-06-01,2018-06-30,805, 87.85002566960722, 70719.27066403381
2018-06-02,2018-07-01,798, 87.97201796112016, 70201.67033297388
2018-06-03,2018-07-02,812, 86.68823958163127, 70390.85054028459
2018-06-04,2018-07-03,808, 86.32442178194589, 69750.13279981227
2018-06-05,2018-07-04,831, 84.72826017342587, 70409.1842041169
2018-06-06,2018-07-05,809, 86.2993422524307, 69816.16788221644
2018-06-07,2018-07-06,813, 85.44365826849918, 69465.69417228983
2018-06-08,2018-07-07,793, 86.18429850504889, 68344.14871450377
2018-06-09,2018-07-08,780, 87.04498856733, 67895.09108251739
2018-06-10,2018-07-09,742, 89.41876138960976, 66348.72095109044
2018-06-11,2018-07-10,733, 90.48881715859376, 66328.30297724923
2018-06-12,2018-07-11,736, 90.36690322626676, 66510.04077453233
2018-06-13,2018-07-12,732, 91.11076002027953, 66693.07633484462
2018-06-14,2018-07-13,722, 91.97417356302091, 66405.3533125011
2018-06-15,2018-07-14,726, 90.98697782107536, 66056.54589810071
2018-06-16,2018-07-15,721, 91.29876725170259, 65826.41118847756
2018-06-17,2018-07-16,709, 91.95490447859878, 65196.02727532654
2018-06-18,2018-07-17,699, 92.9730022688457, 64988.12858592315
2018-06-19,2018-07-18,731, 91.28468330843658, 66729.10349846714
2018-06-20,2018-07-19,715, 92.15548266456366, 65891.17010516302
2018-06-21,2018-07-20,729, 91.12339343077919, 66428.95381103802
2018-06-22,2018-07-21,738, 90.4523199137967, 66753.81209638197
2018-06-23,2018-07-22,725, 92.17349562435103, 66825.7843276545
2018-06-24,2018-07-23,705, 93.24988094990877, 65741.16606968569
2018-06-25,2018-07-24,702, 93.9483105572284, 65951.71401117434
2018-06-26,2018-07-25,680, 95.02723681396921, 64618.52103349906
2018-06-27,2018-07-26,674, 96.46552668934454, 65017.76498861822
2018-06-28,2018-07-27,693, 94.5118745190685, 65496.72904171447
2018-06-29,2018-07-28,712, 92.54607168613984, 65892.80304053157
2018-06-30,2018-07-29,712, 91.68130385310245, 65277.08834340895
2018-07-01,2018-07-30,732, 90.21952222370712, 66040.69026775361
2018-07-02,2018-07-31,721, 89.6798429850947, 64659.16679225328
2018-07-03,2018-08-01,735, 88.07688242804181, 64736.50858461073
2018-07-04,2018-08-02,712, 89.80001230300498, 63937.608759739545
2018-07-05,2018-08-03,734, 88.76814484911922, 65155.818319253514
2018-07-06,2018-08-04,703, 90.68753808294207, 63753.33927230827
2018-07-07,2018-08-05,721, 89.42906707009035, 64478.35735753515
2018-07-08,2018-08-06,710, 90.69404656349971, 64392.77306008479
2018-07-09,2018-08-07,690, 91.54920531651828, 63168.95166839762
2018-07-10,2018-08-08,708, 90.81204258316623, 64294.92614888169
2018-07-11,2018-08-09,713, 90.01938752962035, 64183.82330861931
2018-07-12,2018-08-10,720, 90.2941783263072, 65011.80839494119
2018-07-13,2018-08-11,726, 88.84064430842734, 64498.30776791825
2018-07-14,2018-08-12,709, 90.14045855947168, 63909.58511866542
2018-07-15,2018-08-13,732, 88.0340701738234, 64440.93936723872
2018-07-16,2018-08-14,741, 86.92051595550335, 64408.10232302798
2018-07-17,2018-08-15,715, 88.77335095499762, 63472.945932823306
2018-07-18,2018-08-16,708, 89.27063050395455, 63203.60639679982
2018-07-19,2018-08-17,696, 89.78452469690149, 62490.02918904344
2018-07-20,2018-08-18,691, 89.99626730364017, 62187.420706815356
2018-07-21,2018-08-19,702, 89.06022653578064, 62520.27902811801
2018-07-22,2018-08-20,670, 91.72221025832972, 61453.88087308092
2018-07-23,2018-08-21,679, 90.80006644687354, 61653.24511742714
2018-07-24,2018-08-22,686, 90.99111760908588, 62419.906679832915
2018-07-25,2018-08-23,678, 92.40909927800205, 62653.36931048539
2018-07-26,2018-08-24,668, 93.47612147251114, 62442.04914363744
2018-07-27,2018-08-25,660, 93.72787429453822, 61860.397034395224
2018-07-28,2018-08-26,680, 92.11112988378173, 62635.56832097158
2018-07-29,2018-08-27,679, 92.01210884388458, 62476.22190499763
2018-07-30,2018-08-28,681, 91.78283285572914, 62504.109174751546
2018-07-31,2018-08-29,687, 91.65131144238154, 62964.45096091612
2018-08-01,2018-08-30,672, 88.96132752580293, 59782.01209733957
2018-08-02,2018-08-31,651, 86.62388893582636, 56392.15169722296
2018-08-03,2018-09-01,653, 87.40611557502386, 57076.19347049058
2018-08-04,2018-09-02,638, 88.70632540064625, 56594.635605612304
2018-08-05,2018-09-03,651, 87.73636609155305, 57116.374325601035
2018-08-06,2018-09-04,656, 87.90130531244168, 57663.25628496174
2018-08-07,2018-09-05,660, 87.85164011481754, 57982.08247577958
2018-08-08,2018-09-06,634, 88.95835418438848, 56399.596552902294
2018-08-09,2018-09-07,665, 86.37778710498571, 57441.2284248155
2018-08-10,2018-09-08,632, 89.62840293033845, 56645.150651973905
2018-08-11,2018-09-09,646, 88.65803659984024, 57273.091643496795
2018-08-12,2018-09-10,627, 91.2189951006242, 57194.309928091374
2018-08-13,2018-09-11,639, 91.79848504222102, 58659.23194197923
2018-08-14,2018-09-12,670, 91.25751240973894, 61142.533314525084
2018-08-15,2018-09-13,663, 93.2809321696354, 61845.25802846828
2018-08-16,2018-09-14,675, 92.6776364586344, 62557.40460957822
2018-08-17,2018-09-15,684, 92.83493178914647, 63499.093343776185
2018-08-18,2018-09-16,681, 93.09748764764859, 63399.38908804869
2018-08-19,2018-09-17,701, 92.64614376858492, 64944.94678177803
2018-08-20,2018-09-18,711, 93.10959555224733, 66200.92243764785
2018-08-21,2018-09-19,698, 94.93488476995782, 66264.54956943056
2018-08-22,2018-09-20,716, 94.61136171813033, 67741.73499018131
2018-08-23,2018-09-21,719, 95.01810757341528, 68318.01934528559
2018-08-24,2018-09-22,720, 94.38200493670612, 67955.04355442841
2018-08-25,2018-09-23,719, 94.00589854682016, 67590.2410551637
2018-08-26,2018-09-24,714, 95.28138579130017, 68030.90945498832
2018-08-27,2018-09-25,709, 96.23234193123334, 68228.73042924443
2018-08-28,2018-09-26,731, 95.11913146825225, 69532.0851032924
2018-08-29,2018-09-27,738, 95.09534665296358, 70180.36582988713
2018-08-30,2018-09-28,716, 94.57586874437165, 67716.3220209701
2018-08-31,2018-09-29,730, 92.21609435428974, 67317.74887863151
2018-09-01,2018-09-30,739, 89.9966578364717, 66507.53014115259
2018-09-02,2018-10-01,724, 89.94147871536063, 65117.6305899211
2018-09-03,2018-10-02,722, 89.21225209305004, 64411.24601118213
2018-09-04,2018-10-03,719, 87.63484310651643, 63009.45219358531
2018-09-05,2018-10-04,722, 86.51417681890739, 62463.23566325113
2018-09-06,2018-10-05,717, 85.94683618567188, 61623.88154512674
2018-09-07,2018-10-06,712, 84.18653537174451, 59940.81318468209
2018-09-08,2018-10-07,658, 87.50347801057465, 57577.288530958125
2018-09-09,2018-10-08,649, 86.70921201151614, 56274.278595473974
2018-09-10,2018-10-09,644, 86.02067384033103, 55397.31395317319
2018-09-11,2018-10-10,643, 84.62596492044537, 54414.49544384637
2018-09-12,2018-10-11,618, 85.71975691825618, 52974.80977548232
2018-09-13,2018-10-12,585, 87.18349936870837, 51002.3471306944
2018-09-14,2018-10-13,586, 86.68571264733316, 50797.827611337234
2018-09-15,2018-10-14,576, 85.9838642798525, 49526.70582519504
2018-09-16,2018-10-15,560, 85.98053316069212, 48149.09856998759
2018-09-17,2018-10-16,548, 86.31400373220951, 47300.07404525081
2018-09-18,2018-10-17,533, 86.94034940070215, 46339.206230574244
2018-09-19,2018-10-18,544, 85.86512149907442, 46710.62609549648
2018-09-20,2018-10-19,526, 86.26257105453888, 45374.11237468745
2018-09-21,2018-10-20,557, 82.59324932927879, 46004.43987640829
2018-09-22,2018-10-21,523, 85.12870795703807, 44522.31426153091
2018-09-23,2018-10-22,484, 89.30489509076592, 43223.56922393071
2018-09-24,2018-10-23,448, 92.7817350341523, 41566.21729530023
2018-09-25,2018-10-24,438, 94.4956622531233, 41389.100066868006
2018-09-26,2018-10-25,423, 96.03978548976853, 40624.82926217209
2018-09-27,2018-10-26,411, 96.75437154495725, 39766.04670497743
2018-09-28,2018-10-27,412, 96.04255250644172, 39569.53163265399
2018-09-29,2018-10-28,412, 96.36230708448419, 39701.27051880748
2018-09-30,2018-10-29,418, 96.26855948750742, 40240.2578657781
2018-10-01,2018-10-30,408, 96.40230734135946, 39332.14139527466
2018-10-02,2018-10-31,413, 95.77458899752112, 39554.90525597622
2018-10-03,2018-11-01,431, 94.23846502242746, 40616.778424666234
2018-10-04,2018-11-02,424, 94.76895778953457, 40182.03810276266
2018-10-05,2018-11-03,409, 93.6646407684967, 38308.83807431515
2018-10-06,2018-11-04,402, 94.38069502195042, 37941.03939882407
2018-10-07,2018-11-05,400, 94.41359190437716, 37765.43676175086
2018-10-08,2018-11-06,402, 93.37555963084978, 37536.97497160161
2018-10-09,2018-11-07,445, 89.94018785935555, 40023.383597413216
2018-10-10,2018-11-08,462, 87.53565557468235, 40441.47287550325
2018-10-11,2018-11-09,462, 86.73034550308044, 40069.419622423164
2018-10-12,2018-11-10,436, 89.15847998233464, 38873.097272297906
2018-10-13,2018-11-11,435, 88.04865496352019, 38301.16490913129
2018-10-14,2018-11-12,440, 88.80089013699465, 39072.391660277644
2018-10-15,2018-11-13,437, 88.7872125218047, 38800.011872028655
2018-10-16,2018-11-14,438, 89.20012555399637, 39069.65499265041
2018-10-17,2018-11-15,454, 87.1990654626974, 39588.37572006462
2018-10-18,2018-11-16,463, 86.43028659805405, 40017.22269489903
2018-10-19,2018-11-17,445, 88.0113998292572, 39165.072924019456
2018-10-20,2018-11-18,438, 89.22501100529152, 39080.55482031769
2018-10-21,2018-11-19,442, 89.26684018773311, 39455.94336297803
2018-10-22,2018-11-20,430, 91.47917548916216, 39336.04546033973
2018-10-23,2018-11-21,434, 91.3091989800272, 39628.192357331805
2018-10-24,2018-11-22,447, 90.6386861215362, 40515.49269632668
2018-10-25,2018-11-23,449, 89.25103481717281, 40073.71463291059
2018-10-26,2018-11-24,454, 87.7335934382788, 39831.051420978576
2018-10-27,2018-11-25,456, 87.00830894999014, 39675.788881195505
2018-10-28,2018-11-26,438, 90.31064022882951, 39556.060420227324
2018-10-29,2018-11-27,425, 92.86057651411076, 39465.74501849707
2018-10-30,2018-11-28,426, 93.17422393634828, 39692.21939688437
2018-10-31,2018-11-29,431, 92.3497389197551, 39802.73747441445
2018-11-01,2018-11-30,433, 92.11611958218752, 39886.2797790872
2018-11-02,2018-12-01,421, 92.18907464273552, 38811.600424591656
2018-11-03,2018-12-02,419, 91.90951952690206, 38510.088681771966
2018-11-04,2018-12-03,416, 92.84783078145344, 38624.69760508463
2018-11-05,2018-12-04,403, 94.17237302347142, 37951.466328458984
2018-11-06,2018-12-05,417, 93.33242758485397, 38919.622302884105
2018-11-07,2018-12-06,416, 93.82193282926194, 39029.924056972966
2018-11-08,2018-12-07,403, 94.58937021754639, 38119.5161976712
2018-11-09,2018-12-08,393, 95.22454432067576, 37423.245918025576
2018-11-10,2018-12-09,381, 97.0960494810553, 36993.59485228207
2018-11-11,2018-12-10,379, 98.73669387005006, 37421.206976748974
2018-11-12,2018-12-11,393, 96.74307332356153, 38020.02781615968
2018-11-13,2018-12-12,392, 98.26983019386117, 38521.77343599358
2018-11-14,2018-12-13,402, 97.17498105368247, 39064.342383580355
2018-11-15,2018-12-14,387, 100.10268014976256, 38739.737217958114
2018-11-16,2018-12-15,386, 99.68612267555689, 38478.84335276496
2018-11-17,2018-12-16,396, 98.48506499810878, 39000.08573925108
2018-11-18,2018-12-17,393, 99.65018521749603, 39162.52279047594
2018-11-19,2018-12-18,391, 101.20369725296342, 39570.6456259087
2018-11-20,2018-12-19,389, 101.59602714679374, 39520.854560102765
2018-11-21,2018-12-20,386, 101.52842356082361, 39189.97149447791
2018-11-22,2018-12-21,373, 103.49547325736258, 38603.81152499624
2018-11-23,2018-12-22,372, 102.95117607509532, 38297.83749993546
2018-11-24,2018-12-23,386, 98.96089220429664, 38198.9043908585
2018-11-25,2018-12-24,389, 97.26128441271979, 37834.639636547996
2018-11-26,2018-12-25,409, 94.51408423297828, 38656.260451288115
2018-11-27,2018-12-26,409, 93.42662726119215, 38211.49054982759
2018-11-28,2018-12-27,429, 90.41175820699817, 38786.644270802215
2018-11-29,2018-12-28,407, 92.65707287100639, 37711.4286584996
2018-11-30,2018-12-29,406, 92.27599421905084, 37464.05365293464
2018-12-01,2018-12-30,411, 91.54299037239385, 37624.16904305387
2018-12-02,2018-12-31,416, 90.769264228037, 37760.01391886339
2018-12-03,2019-01-01,405, 91.77119984302517, 37167.335936425196
2018-12-04,2019-01-02,382, 95.52617530363662, 36490.99896598919
2018-12-05,2019-01-03,409, 93.09719309519954, 38076.75197593661
2018-12-06,2019-01-04,389, 95.82606814143838, 37276.34050701953
2018-12-07,2019-01-05,396, 95.90761098447278, 37979.41394985122
2018-12-08,2019-01-06,372, 99.63037544667219, 37062.49966616205
2018-12-09,2019-01-07,367, 101.98343722886388, 37427.92146299304
2018-12-10,2019-01-08,381, 99.64517190387011, 37964.81049537451
2018-12-11,2019-01-09,386, 99.1368671674361, 38266.83072663033
2018-12-12,2019-01-10,402, 96.20911647029214, 38676.06482105744
2018-12-13,2019-01-11,408, 95.94760252236408, 39146.621829124546
2018-12-14,2019-01-12,439, 91.8319326985913, 40314.218454681584
2018-12-15,2019-01-13,440, 91.34343145781531, 40191.10984143874
2018-12-16,2019-01-14,455, 89.40926106817427, 40681.213786019296
2018-12-17,2019-01-15,447, 90.17246325439963, 40307.091074716634
2018-12-18,2019-01-16,449, 90.64797272052972, 40700.93975151784
2018-12-19,2019-01-17,461, 90.44222969938939, 41693.86789141851
2018-12-20,2019-01-18,455, 91.26864265925902, 41527.23240996285
2018-12-21,2019-01-19,458, 91.14736988613687, 41745.495407850685
2018-12-22,2019-01-20,449, 92.81618887706017, 41674.46880580002
2018-12-23,2019-01-21,446, 93.60559332261792, 41748.09462188759
2018-12-24,2019-01-22,454, 94.2396906881458, 42784.81957241819
2018-12-25,2019-01-23,461, 93.79104707129694, 43237.67269986789
2018-12-26,2019-01-24,458, 94.77422516361848, 43406.59512493727
2018-12-27,2019-01-25,488, 93.33866587242021, 45549.26894574106
2018-12-28,2019-01-26,492, 92.90679728334821, 45710.14426340732
2018-12-29,2019-01-27,464, 95.97020640401757, 44530.17577146416
2018-12-30,2019-01-28,444, 98.23780266993137, 43617.584385449525
2018-12-31,2019-01-29,464, 95.83996981312487, 44469.74599328994
2019-01-01,2019-01-30,468, 96.96941229846676, 45381.684955682445
2019-01-02,2019-01-31,460, 98.41667552572547, 45271.67074183372
2019-01-03,2019-02-01,456, 98.17327469425167, 44767.013260578766
2019-01-04,2019-02-02,471, 96.127157530267, 45275.89119675576
2019-01-05,2019-02-03,462, 98.84626749714982, 45666.97558368322
2019-01-06,2019-02-04,467, 98.79556010787879, 46137.52657037939
2019-01-07,2019-02-05,466, 98.61852511862466, 45956.23270527909
2019-01-08,2019-02-06,475, 97.65174805451929, 46384.58032589666
2019-01-09,2019-02-07,469, 98.89975869490135, 46383.98682790873
2019-01-10,2019-02-08,459, 101.30599703542588, 46499.452639260475
2019-01-11,2019-02-09,458, 101.25619850798779, 46375.33891665841
2019-01-12,2019-02-10,440, 104.1336478162596, 45818.80503915422
2019-01-13,2019-02-11,436, 104.26199544306905, 45458.23001317811
2019-01-14,2019-02-12,424, 107.73803684315266, 45680.927621496725
2019-01-15,2019-02-13,431, 106.91323762762997, 46079.605417508516
2019-01-16,2019-02-14,424, 108.30490716183851, 45921.28063661953
2019-01-17,2019-02-15,430, 108.14635520369927, 46502.93273759069
2019-01-18,2019-02-16,413, 109.23559862961416, 45114.30223403065
2019-01-19,2019-02-17,414, 108.9421291850654, 45102.041482617075
2019-01-20,2019-02-18,414, 109.44679577845372, 45310.97345227984
2019-01-21,2019-02-19,403, 110.64022987513775, 44588.01263968051
2019-01-22,2019-02-20,411, 110.08988810382198, 45246.944010670835
2019-01-23,2019-02-21,422, 109.15046392586453, 46061.49577671483
2019-01-24,2019-02-22,417, 111.07855295550864, 46319.7565824471
2019-01-25,2019-02-23,421, 110.86074276567737, 46672.37270435017
2019-01-26,2019-02-24,424, 111.12708434480999, 47117.88376219943
2019-01-27,2019-02-25,413, 114.15166113376846, 47144.63604824637
2019-01-28,2019-02-26,436, 113.59962404493484, 49529.436083591594
2019-01-29,2019-02-27,447, 113.28234442440873, 50637.20795771071
2019-01-30,2019-02-28,440, 115.17033728948802, 50674.94840737473
2019-01-31,2019-03-01,431, 117.7022395360553, 50729.66524003984
2019-02-01,2019-03-02,421, 118.49739665888757, 49887.403993391665
2019-02-02,2019-03-03,405, 120.49447921828406, 48800.26408340504
2019-02-03,2019-03-04,381, 123.94497810119361, 47223.03665655477
2019-02-04,2019-03-05,367, 126.77615760491848, 46526.84984100508
2019-02-05,2019-03-06,354, 129.10363306780584, 45702.68610600327
2019-02-06,2019-03-07,340, 132.98184699582788, 45213.82797858148
2019-02-07,2019-03-08,350, 129.6431356758424, 45375.09748654484
2019-02-08,2019-03-09,333, 133.42652094927195, 44431.03147610756
2019-02-09,2019-03-10,351, 127.6791248250316, 44815.37281358609
2019-02-10,2019-03-11,356, 126.88159313351477, 45169.84715553126
2019-02-11,2019-03-12,342, 130.4323440253404, 44607.86165666642
2019-02-12,2019-03-13,358, 127.20624132458212, 45539.8343942004
2019-02-13,2019-03-14,346, 128.50202569023162, 44461.70088882014
2019-02-14,2019-03-15,338, 131.05643135125578, 44297.07379672445
2019-02-15,2019-03-16,324, 133.0897136737039, 43121.06723028007
2019-02-16,2019-03-17,327, 130.66148824670776, 42726.306656673434
2019-02-17,2019-03-18,326, 126.55891513986262, 41258.20633559521
2019-02-18,2019-03-19,299, 123.05394350974068, 36793.12910941246
2019-02-19,2019-03-20,294, 118.53364674821415, 34848.89214397496
2019-02-20,2019-03-21,277, 113.91072279867834, 31553.2702152339
2019-02-21,2019-03-22,265, 110.19916191217885, 29202.777906727395
2019-02-22,2019-03-23,229, 114.53617464528868, 26228.783993771107
2019-02-23,2019-03-24,215, 112.99187065113196, 24293.25218999337
2019-02-24,2019-03-25,198, 108.878724070381, 21557.987365935438
2019-02-25,2019-03-26,171, 111.17569840957424, 19011.044428037196
2019-02-26,2019-03-27,149, 114.61990487040782, 17078.365825690766
2019-02-27,2019-03-28,141, 117.76940802768794, 16605.486531904
2019-02-28,2019-03-29,107, 113.30884476250358, 12124.046389587884
2019-03-01,2019-03-30,73, 102.88617644160921, 7510.690880237472
2019-03-02,2019-03-31,11, 107.67922710405105, 1184.4714981445616
2019-03-03,2019-04-01,0, 0, 0
2019-03-04,2019-04-02,0, 0, 0
2019-03-13,2019-04-11,19, 102.4542187832716, 1946.6301568821605
2019-03-14,2019-04-12,110, 87.12180232618228, 9583.39825588005
2019-03-15,2019-04-13,155, 78.76950695423372, 12209.273577906226
2019-03-16,2019-04-14,178, 82.00731234321303, 14597.301597091919
2019-03-17,2019-04-15,206, 86.57192203924942, 17833.81594008538
2019-03-18,2019-04-16,235, 88.87914363018761, 20886.598753094087
2019-03-19,2019-04-17,248, 95.87016902214128, 23775.801917491037
2019-03-20,2019-04-18,264, 99.47694475846062, 26261.913416233605
2019-03-21,2019-04-19,269, 105.25722506038619, 28314.193541243883
2019-03-22,2019-04-20,316, 103.87111722164636, 32823.27304204025
2019-03-23,2019-04-21,326, 105.78977437495512, 34487.46644623537
2019-03-24,2019-04-22,360, 107.25095819595597, 38610.34495054415
