Day,Firstdate,Nusers,Mean_dr,Sum_dr,Date
0,2018-01-09,4, 16.57640137640138, 66.30560550560551,2018-01-09
1,2018-01-09,4, 18.63670744255744, 74.54682977022976,2018-01-10
2,2018-01-09,12, 16.02192061344208, 192.26304736130496,2018-01-11
3,2018-01-09,14, 15.522701747004584, 217.31782445806417,2018-01-12
4,2018-01-09,15, 20.431295084825198, 306.469426272378,2018-01-13
5,2018-01-09,21, 24.22432461592808, 508.7108169344897,2018-01-14
6,2018-01-09,22, 23.675186786387744, 520.8541093005304,2018-01-15
7,2018-01-09,23, 25.61832409701114, 589.2214542312562,2018-01-16
8,2018-01-09,26, 29.551831023944068, 768.3476066225458,2018-01-17
9,2018-01-09,29, 27.64931276810015, 801.8300702749043,2018-01-18
10,2018-01-09,30, 32.952299922409864, 988.568997672296,2018-01-19
11,2018-01-09,31, 31.962402037402544, 990.8344631594789,2018-01-20
12,2018-01-09,36, 30.400572225960463, 1094.4206001345767,2018-01-21
13,2018-01-09,48, 27.77349277482749, 1333.1276531917194,2018-01-22
14,2018-01-09,51, 29.44471218677837, 1501.6803215256969,2018-01-23
15,2018-01-09,55, 28.64724856647734, 1575.5986711562537,2018-01-24
16,2018-01-09,75, 23.955375200832364, 1796.6531400624274,2018-01-25
17,2018-01-09,81, 23.605884517701057, 1912.0766459337856,2018-01-26
18,2018-01-09,99, 22.42642284356068, 2220.215861512507,2018-01-27
19,2018-01-09,100, 23.899201190697532, 2389.920119069753,2018-01-28
20,2018-01-09,104, 23.71271709980874, 2466.1225783801087,2018-01-29
21,2018-01-09,115, 25.200300752643077, 2898.034586553954,2018-01-30
22,2018-01-09,128, 24.266146587786437, 3106.066763236664,2018-01-31
23,2018-01-09,144, 24.00969328148133, 3457.3958325333115,2018-02-01
24,2018-01-09,154, 25.107339873246264, 3866.5303404799247,2018-02-02
25,2018-01-09,161, 24.77105309735824, 3988.139548674677,2018-02-03
26,2018-01-09,163, 23.941126258399095, 3902.4035801190525,2018-02-04
27,2018-01-09,169, 24.446329551519256, 4131.429694206754,2018-02-05
28,2018-01-09,183, 24.817492051487932, 4541.6010454222915,2018-02-06
29,2018-01-09,185, 24.83715298831603, 4594.873302838466,2018-02-07
30,2018-01-09,189, 25.091143828814637, 4742.226183645967,2018-02-08
31,2018-01-09,191, 24.24991895968051, 4631.734521298978,2018-02-09
32,2018-01-09,186, 26.333117146205844, 4897.959789194287,2018-02-10
33,2018-01-09,191, 26.458902361789427, 5053.650351101781,2018-02-11
34,2018-01-09,192, 27.65371994499955, 5309.514229439914,2018-02-12
35,2018-01-09,212, 26.017703932606384, 5515.753233712553,2018-02-13
36,2018-01-09,218, 26.186631596731672, 5708.685688087505,2018-02-14
37,2018-01-09,231, 26.706028763502957, 6169.092644369183,2018-02-15
38,2018-01-09,230, 26.603239881047717, 6118.7451726409745,2018-02-16
39,2018-01-09,231, 26.664959608215955, 6159.605669497886,2018-02-17
40,2018-01-09,230, 26.77688444823066, 6158.683423093052,2018-02-18
41,2018-01-09,234, 27.33705404498396, 6396.870646526247,2018-02-19
42,2018-01-09,241, 26.55186065773806, 6398.998418514872,2018-02-20
43,2018-01-09,246, 26.720929274648316, 6573.348601563486,2018-02-21
44,2018-01-09,241, 27.280978907277664, 6574.715916653917,2018-02-22
45,2018-01-09,240, 27.11868191062052, 6508.483658548925,2018-02-23
46,2018-01-09,244, 27.477107848485513, 6704.414315030465,2018-02-24
47,2018-01-09,246, 27.629861371459747, 6796.945897379098,2018-02-25
48,2018-01-09,249, 27.420737331574585, 6827.763595562072,2018-02-26
49,2018-01-09,256, 26.6411035114812, 6820.122498939188,2018-02-27
50,2018-01-09,261, 25.65829350437413, 6696.814604641648,2018-02-28
51,2018-01-09,256, 25.586648673112627, 6550.182060316833,2018-03-01
52,2018-01-09,254, 25.978823790623885, 6598.621242818467,2018-03-02
53,2018-01-09,250, 25.738201254997986, 6434.550313749496,2018-03-03
54,2018-01-09,252, 25.98492528466932, 6548.201171736669,2018-03-04
55,2018-01-09,250, 26.639198073014022, 6659.799518253505,2018-03-05
56,2018-01-09,262, 27.318310475504152, 7157.3973445820875,2018-03-06
57,2018-01-09,265, 28.556041031541664, 7567.350873358541,2018-03-07
58,2018-01-09,268, 29.153931632325023, 7813.253677463106,2018-03-08
59,2018-01-09,269, 30.172512881737436, 8116.40596518737,2018-03-09
60,2018-01-09,279, 30.083167462978558, 8393.203722171018,2018-03-10
61,2018-01-09,286, 31.072296802890424, 8886.67688562666,2018-03-11
62,2018-01-09,288, 31.024056856285558, 8934.928374610241,2018-03-12
63,2018-01-09,296, 30.69254375128106, 9084.992950379194,2018-03-13
64,2018-01-09,316, 29.222382391305175, 9234.272835652435,2018-03-14
65,2018-01-09,328, 28.226893119260346, 9258.420943117393,2018-03-15
66,2018-01-09,330, 28.315489549457507, 9344.111551320977,2018-03-16
67,2018-01-09,340, 26.826810583280178, 9121.11559831526,2018-03-17
68,2018-01-09,351, 26.316362008144814, 9237.04306485883,2018-03-18
69,2018-01-09,358, 25.435166394233807, 9105.789569135703,2018-03-19
70,2018-01-09,361, 25.445882852333558, 9185.963709692414,2018-03-20
71,2018-01-09,359, 25.702597677089873, 9227.232566075265,2018-03-21
72,2018-01-09,352, 25.609895713602988, 9014.683291188252,2018-03-22
73,2018-01-09,354, 25.209314822922153, 8924.097447314442,2018-03-23
74,2018-01-09,368, 24.21399767687548, 8910.751145090177,2018-03-24
75,2018-01-09,361, 24.140007811345516, 8714.54281989573,2018-03-25
76,2018-01-09,357, 24.045710952934552, 8584.318810197636,2018-03-26
77,2018-01-09,355, 24.128656089948215, 8565.672911931617,2018-03-27
78,2018-01-09,357, 24.801346360743615, 8854.08065078547,2018-03-28
79,2018-01-09,364, 25.058142098040875, 9121.16372368688,2018-03-29
80,2018-01-09,365, 24.767158059372427, 9040.012691670936,2018-03-30
81,2018-01-09,354, 25.064671052084883, 8872.893552438049,2018-03-31
82,2018-01-09,363, 24.492660587077168, 8890.835793109012,2018-04-01
83,2018-01-09,356, 24.31668492774051, 8656.739834275622,2018-04-02
84,2018-01-09,356, 25.6011453835453, 9114.007756542127,2018-04-03
85,2018-01-09,364, 25.611332519247238, 9322.525037005995,2018-04-04
86,2018-01-09,366, 25.268995133708174, 9248.452218937191,2018-04-05
87,2018-01-09,379, 24.897101671325434, 9436.00153343234,2018-04-06
88,2018-01-09,388, 24.810064985890094, 9626.305214525357,2018-04-07
89,2018-01-09,394, 24.499571438480988, 9652.83114676151,2018-04-08
90,2018-01-09,396, 24.171327701387572, 9571.845769749478,2018-04-09
91,2018-01-09,396, 24.11770910988144, 9550.61280751305,2018-04-10
92,2018-01-09,402, 23.731452880248792, 9540.044057860014,2018-04-11
93,2018-01-09,412, 23.380871375741574, 9632.919006805529,2018-04-12
94,2018-01-09,410, 23.259007495251026, 9536.19307305292,2018-04-13
95,2018-01-09,415, 22.768924087301087, 9449.10349622995,2018-04-14
96,2018-01-09,420, 22.229536493174766, 9336.405327133401,2018-04-15
97,2018-01-09,429, 21.979231499172794, 9429.090313145129,2018-04-16
98,2018-01-09,439, 21.92204404332335, 9623.77733501895,2018-04-17
99,2018-01-09,443, 22.110051998217802, 9794.753035210486,2018-04-18
100,2018-01-09,436, 20.987528773880634, 9150.562545411956,2018-04-19
101,2018-01-09,432, 20.319088680045738, 8777.84630977976,2018-04-20
102,2018-01-09,442, 20.613721198684402, 9111.264769818506,2018-04-21
103,2018-01-09,429, 20.99497324353703, 9006.843521477385,2018-04-22
104,2018-01-09,424, 21.635769073235657, 9173.566087051919,2018-04-23
105,2018-01-09,434, 21.830988700183298, 9474.649095879551,2018-04-24
106,2018-01-09,425, 22.166497856936086, 9420.761589197837,2018-04-25
107,2018-01-09,451, 22.17744711053828, 10002.028646852765,2018-04-26
108,2018-01-09,451, 22.609024877546183, 10196.670219773328,2018-04-27
109,2018-01-09,455, 22.187829719191313, 10095.462522232048,2018-04-28
110,2018-01-09,459, 21.891480565211587, 10048.189579432119,2018-04-29
111,2018-01-09,459, 22.32995212727652, 10249.448026419923,2018-04-30
112,2018-01-09,459, 21.880169778963417, 10042.997928544208,2018-05-01
113,2018-01-09,456, 21.84324596877497, 9960.520161761386,2018-05-02
114,2018-01-09,456, 21.310901808497746, 9717.771224674972,2018-05-03
115,2018-01-09,458, 21.47171951058901, 9834.047535849768,2018-05-04
116,2018-01-09,457, 21.750371885835463, 9939.919951826807,2018-05-05
117,2018-01-09,456, 21.5858714571428, 9843.157384457118,2018-05-06
118,2018-01-09,462, 21.16498888148976, 9778.224863248268,2018-05-07
119,2018-01-09,462, 21.31004124653073, 9845.239055897197,2018-05-08
120,2018-01-09,461, 21.706398029946186, 10006.649491805192,2018-05-09
121,2018-01-09,449, 22.006942907769577, 9881.11736558854,2018-05-10
122,2018-01-09,455, 22.385942956854223, 10185.604045368671,2018-05-11
123,2018-01-09,438, 22.901975197888436, 10031.065136675135,2018-05-12
124,2018-01-09,434, 22.73869920805066, 9868.595456293988,2018-05-13
125,2018-01-09,442, 23.3290723193818, 10311.449965166756,2018-05-14
126,2018-01-09,446, 23.84521592249114, 10634.966301431048,2018-05-15
127,2018-01-09,447, 24.59197472516636, 10992.612702149363,2018-05-16
128,2018-01-09,451, 24.94493344518194, 11250.164983777055,2018-05-17
129,2018-01-09,448, 25.048955999274817, 11221.932287675118,2018-05-18
130,2018-01-09,445, 24.68707514111436, 10985.74843779589,2018-05-19
131,2018-01-09,448, 24.994706445367633, 11197.6284875247,2018-05-20
132,2018-01-09,455, 25.006516446474475, 11377.964983145886,2018-05-21
133,2018-01-09,460, 25.345208196883423, 11658.795770566374,2018-05-22
134,2018-01-09,460, 25.463557760787292, 11713.236569962155,2018-05-23
135,2018-01-09,457, 24.996385477202708, 11423.348163081637,2018-05-24
136,2018-01-09,463, 24.459555810823165, 11324.774340411126,2018-05-25
137,2018-01-09,463, 23.835257285971423, 11035.724123404769,2018-05-26
138,2018-01-09,457, 23.69571448241975, 10828.941518465825,2018-05-27
139,2018-01-09,455, 23.216043021058127, 10563.299574581448,2018-05-28
140,2018-01-09,458, 22.586094130872304, 10344.431111939515,2018-05-29
141,2018-01-09,455, 22.20167940537455, 10101.764129445419,2018-05-30
142,2018-01-09,451, 21.6619110864614, 9769.521899994092,2018-05-31
143,2018-01-09,446, 21.42427208535593, 9555.225350068746,2018-06-01
144,2018-01-09,446, 21.143947197476557, 9430.200450074544,2018-06-02
145,2018-01-09,443, 21.187402791997908, 9386.019436855073,2018-06-03
146,2018-01-09,448, 20.81816544274841, 9326.538118351287,2018-06-04
147,2018-01-09,445, 20.793337556773995, 9253.035212764427,2018-06-05
148,2018-01-09,440, 20.39882789633781, 8975.484274388637,2018-06-06
149,2018-01-09,433, 19.997179679325253, 8658.778801147835,2018-06-07
150,2018-01-09,432, 19.37588169054316, 8370.380890314646,2018-06-08
151,2018-01-09,439, 18.842611352055744, 8271.906383552472,2018-06-09
152,2018-01-09,433, 18.36077245588491, 7950.214473398166,2018-06-10
153,2018-01-09,432, 18.87564367114158, 8154.278065933164,2018-06-11
154,2018-01-09,435, 18.433496060382968, 8018.570786266591,2018-06-12
155,2018-01-09,432, 18.67364178251074, 8067.01325004464,2018-06-13
156,2018-01-09,432, 18.56098575954059, 8018.345848121535,2018-06-14
157,2018-01-09,430, 17.978736843025537, 7730.856842500982,2018-06-15
158,2018-01-09,431, 18.004871703199992, 7760.099704079197,2018-06-16
159,2018-01-09,435, 18.254146099435925, 7940.553553254627,2018-06-17
160,2018-01-09,435, 18.58201112818905, 8083.174840762235,2018-06-18
161,2018-01-09,427, 18.595754472878447, 7940.387159919097,2018-06-19
162,2018-01-09,427, 18.79786416259841, 8026.6879974295225,2018-06-20
163,2018-01-09,432, 18.685242856508577, 8072.024914011705,2018-06-21
164,2018-01-09,430, 18.655727676996147, 8021.9629011083425,2018-06-22
165,2018-01-09,430, 18.36080896557123, 7895.14785519563,2018-06-23
166,2018-01-09,422, 18.156416645450708, 7662.007824380199,2018-06-24
167,2018-01-09,415, 20.02903093268553, 8312.047837064494,2018-06-25
168,2018-01-09,413, 19.988533781880648, 8255.264451916708,2018-06-26
169,2018-01-09,408, 20.374861901317917, 8312.94365573771,2018-06-27
170,2018-01-09,419, 20.27108508974649, 8493.584652603779,2018-06-28
171,2018-01-09,417, 20.214662094829304, 8429.51409354382,2018-06-29
172,2018-01-09,415, 19.77544536130229, 8206.80982494045,2018-06-30
173,2018-01-09,409, 19.719587358053992, 8065.3112294440825,2018-07-01
174,2018-01-09,415, 19.862743302044706, 8243.038470348552,2018-07-02
175,2018-01-09,418, 19.74165830729879, 8252.013172450894,2018-07-03
176,2018-01-09,421, 19.868317766926303, 8364.561779875974,2018-07-04
177,2018-01-09,419, 19.567688783042037, 8198.861600094613,2018-07-05
178,2018-01-09,423, 19.23679504895857, 8137.164305709475,2018-07-06
179,2018-01-09,421, 18.902040152476385, 7957.758904192558,2018-07-07
180,2018-01-09,421, 18.851291716653574, 7936.393812711155,2018-07-08
181,2018-01-09,418, 18.791906915266285, 7855.017090581307,2018-07-09
182,2018-01-09,418, 18.6303458839989, 7787.48457951154,2018-07-10
183,2018-01-09,418, 18.705337117641072, 7818.830915173969,2018-07-11
184,2018-01-09,421, 18.582352230659673, 7823.170289107723,2018-07-12
185,2018-01-09,424, 18.57073966331481, 7873.993617245479,2018-07-13
186,2018-01-09,434, 18.101732036290034, 7856.151703749874,2018-07-14
187,2018-01-09,424, 17.891553744084618, 7586.018787491878,2018-07-15
188,2018-01-09,429, 17.82324539382498, 7646.172273950917,2018-07-16
189,2018-01-09,438, 17.869140970783914, 7826.683745203354,2018-07-17
190,2018-01-09,432, 18.13913491751458, 7836.106284366298,2018-07-18
191,2018-01-09,433, 18.335148614894866, 7939.119350249477,2018-07-19
192,2018-01-09,428, 18.223604815836634, 7799.702861178079,2018-07-20
193,2018-01-09,427, 18.25756560332726, 7795.98051262074,2018-07-21
194,2018-01-09,422, 18.309178905974925, 7726.473498321418,2018-07-22
195,2018-01-09,419, 18.582552694033435, 7786.08957880001,2018-07-23
196,2018-01-09,425, 18.546136362312133, 7882.107953982657,2018-07-24
197,2018-01-09,421, 19.298002106256224, 8124.45888673387,2018-07-25
198,2018-01-09,419, 19.229394469907778, 8057.116282891359,2018-07-26
199,2018-01-09,432, 19.027028893798153, 8219.676482120802,2018-07-27
200,2018-01-09,434, 18.529704330886748, 8041.891679604849,2018-07-28
201,2018-01-09,427, 18.656054700918467, 7966.135357292185,2018-07-29
202,2018-01-09,419, 19.5125592858644, 8175.762340777183,2018-07-30
203,2018-01-09,413, 19.687755195524254, 8131.042895751517,2018-07-31
204,2018-01-09,420, 20.800057523742183, 8736.024159971717,2018-08-01
205,2018-01-09,420, 21.445301871338735, 9007.026785962269,2018-08-02
206,2018-01-09,429, 21.998172681293635, 9437.21608027497,2018-08-03
207,2018-01-09,434, 22.279514806140142, 9669.309425864822,2018-08-04
208,2018-01-09,434, 22.209849598600204, 9639.074725792489,2018-08-05
209,2018-01-09,439, 22.16563737001803, 9730.714805437914,2018-08-06
210,2018-01-09,450, 22.404621521989835, 10082.079684895425,2018-08-07
211,2018-01-09,457, 22.110543639240387, 10104.518443132856,2018-08-08
212,2018-01-09,455, 21.605160413400544, 9830.347988097248,2018-08-09
213,2018-01-09,459, 21.80820584558793, 10009.966483124861,2018-08-10
214,2018-01-09,462, 22.552394811708133, 10419.206403009157,2018-08-11
215,2018-01-09,460, 22.050743700325512, 10143.342102149736,2018-08-12
216,2018-01-09,460, 21.913393277389503, 10080.160907599171,2018-08-13
217,2018-01-09,461, 21.489285591390967, 9906.560657631237,2018-08-14
218,2018-01-09,463, 21.131603966926697, 9783.932636687061,2018-08-15
219,2018-01-09,462, 21.256507451370183, 9820.506442533024,2018-08-16
220,2018-01-09,459, 21.356498228217223, 9802.632686751705,2018-08-17
221,2018-01-09,458, 21.007195846685796, 9621.295697782094,2018-08-18
222,2018-01-09,456, 21.512824092077604, 9809.847785987387,2018-08-19
223,2018-01-09,451, 21.908810983419254, 9880.873753522084,2018-08-20
224,2018-01-09,451, 21.594677088301715, 9739.199366824074,2018-08-21
225,2018-01-09,447, 21.00462321742758, 9389.066578190128,2018-08-22
226,2018-01-09,445, 20.58069865423704, 9158.410901135483,2018-08-23
227,2018-01-09,448, 20.294776747786425, 9092.05998300832,2018-08-24
228,2018-01-09,448, 19.85064093747984, 8893.087139990968,2018-08-25
229,2018-01-09,446, 20.271182400412407, 9040.947350583934,2018-08-26
230,2018-01-09,440, 20.367172084599233, 8961.555717223662,2018-08-27
231,2018-01-09,442, 20.601112803744083, 9105.691859254885,2018-08-28
232,2018-01-09,454, 20.670648852304105, 9384.474578946063,2018-08-29
233,2018-01-09,449, 20.637044793902376, 9266.033112462166,2018-08-30
234,2018-01-09,447, 20.69529746308234, 9250.797965997806,2018-08-31
235,2018-01-09,444, 20.49831819453026, 9101.253278371436,2018-09-01
236,2018-01-09,436, 20.426474615316735, 8905.942932278096,2018-09-02
237,2018-01-09,430, 20.070707945907913, 8630.404416740403,2018-09-03
238,2018-01-09,425, 20.451726441501275, 8691.983737638042,2018-09-04
239,2018-01-09,424, 21.027440569042433, 8915.63480127399,2018-09-05
240,2018-01-09,418, 21.07595791229022, 8809.750407337313,2018-09-06
241,2018-01-09,422, 20.534512616333988, 8665.564324092942,2018-09-07
242,2018-01-09,419, 20.047429776097918, 8399.873076185027,2018-09-08
243,2018-01-09,427, 20.050530568855514, 8561.576552901304,2018-09-09
244,2018-01-09,432, 20.529931373555673, 8868.93035337605,2018-09-10
245,2018-01-09,438, 20.229523715598077, 8860.531387431958,2018-09-11
246,2018-01-09,524, 17.76692644893294, 9309.86945924086,2018-09-12
247,2018-01-09,887, 14.460649126568535, 12826.59577526629,2018-09-13
248,2018-01-09,1157, 14.674935000928208, 16978.899796073936,2018-09-14
249,2018-01-09,1374, 15.781331797068118, 21683.549889171594,2018-09-15
250,2018-01-09,1494, 16.665971173227927, 24898.960932802525,2018-09-16
251,2018-01-09,1641, 17.63690737965414, 28942.165010012446,2018-09-17
252,2018-01-09,1803, 18.770580492904863, 33843.356628707465,2018-09-18
253,2018-01-09,1926, 19.3685844084814, 37303.89357073518,2018-09-19
254,2018-01-09,2023, 20.131990514193, 40727.01681021244,2018-09-20
255,2018-01-09,2114, 20.942917812236455, 44273.32825506787,2018-09-21
256,2018-01-09,2315, 20.469631846655037, 47387.19772500641,2018-09-22
257,2018-01-09,2497, 19.92932452969945, 49763.523350659525,2018-09-23
258,2018-01-09,2637, 20.113888242969413, 53040.32329671034,2018-09-24
259,2018-01-09,2777, 20.048288847382203, 55674.09812918038,2018-09-25
260,2018-01-09,2882, 19.99997238708473, 57639.920419578186,2018-09-26
261,2018-01-09,2983, 20.531326209062964, 61244.94608163482,2018-09-27
262,2018-01-09,3073, 21.082453819443398, 64786.38058714956,2018-09-28
263,2018-01-09,3097, 21.15496343020497, 65516.92174334479,2018-09-29
264,2018-01-09,3147, 21.171400809890226, 66626.39834872454,2018-09-30
265,2018-01-09,3184, 21.402107885062406, 68144.3115060387,2018-10-01
266,2018-01-09,3237, 21.545343389446252, 69742.27655163752,2018-10-02
267,2018-01-09,3290, 21.951667052524055, 72220.98460280414,2018-10-03
268,2018-01-09,3335, 22.060903953338233, 73573.114684383,2018-10-04
269,2018-01-09,3368, 22.378597560539166, 75371.11658389591,2018-10-05
270,2018-01-09,3401, 22.71383102729746, 77249.73932383866,2018-10-06
271,2018-01-09,3412, 22.74998006289069, 77622.93197458303,2018-10-07
272,2018-01-09,3436, 22.721069100799014, 78069.59343034541,2018-10-08
273,2018-01-09,3439, 22.668839455101615, 77958.13888609446,2018-10-09
274,2018-01-09,3448, 22.679738490739805, 78199.73831607084,2018-10-10
275,2018-01-09,3437, 22.38116690724894, 76924.07066021461,2018-10-11
276,2018-01-09,3451, 22.162709701421925, 76483.51117960706,2018-10-12
277,2018-01-09,3459, 22.136041627295494, 76568.56798881512,2018-10-13
278,2018-01-09,3465, 21.810109969954993, 75572.03104589405,2018-10-14
279,2018-01-09,3468, 21.660010915438825, 75116.91785474184,2018-10-15
280,2018-01-09,3473, 21.446912852479873, 74485.1283366626,2018-10-16
281,2018-01-09,3490, 21.12031449895335, 73709.89760134718,2018-10-17
282,2018-01-09,3475, 21.068780805257806, 73214.01329827087,2018-10-18
283,2018-01-09,3450, 21.00705993721223, 72474.35678338219,2018-10-19
284,2018-01-09,3440, 20.77155555061787, 71454.15109412547,2018-10-20
285,2018-01-09,3430, 20.59339037758464, 70635.32899511531,2018-10-21
286,2018-01-09,3423, 20.42203040484878, 69904.61007579738,2018-10-22
287,2018-01-09,3404, 20.324637218456083, 69185.0650916245,2018-10-23
288,2018-01-09,3404, 20.385494351747155, 69392.22277334731,2018-10-24
289,2018-01-09,3412, 20.273792421528675, 69174.17974225584,2018-10-25
290,2018-01-09,3410, 20.19204880399572, 68854.88642162542,2018-10-26
291,2018-01-09,3374, 20.24965233648175, 68322.32698328941,2018-10-27
292,2018-01-09,3352, 20.055675900974517, 67226.62562006658,2018-10-28
293,2018-01-09,3340, 20.050878640833208, 66969.93466038292,2018-10-29
294,2018-01-09,3323, 20.270619698749133, 67359.26925894337,2018-10-30
295,2018-01-09,3310, 20.162792763914915, 66738.84404855837,2018-10-31
296,2018-01-09,3284, 20.131277115620534, 66111.11404769783,2018-11-01
297,2018-01-09,3263, 20.398899544330728, 66561.60921315117,2018-11-02
298,2018-01-09,3243, 20.275026317185254, 65751.91034663178,2018-11-03
299,2018-01-09,3227, 20.30551709083581, 65525.903652127156,2018-11-04
300,2018-01-09,3229, 20.505999017915723, 66213.87082884987,2018-11-05
301,2018-01-09,3231, 20.82074657993212, 67271.83219976068,2018-11-06
302,2018-01-09,3258, 21.501992393933428, 70053.4912194351,2018-11-07
303,2018-01-09,3262, 21.831623204857728, 71214.75489424591,2018-11-08
304,2018-01-09,3247, 22.393142756141426, 72710.53452919121,2018-11-09
305,2018-01-09,3223, 22.550239669811273, 72679.42245580173,2018-11-10
306,2018-01-09,3221, 22.559429607257897, 72663.92276497769,2018-11-11
307,2018-01-09,3228, 22.95798657036137, 74108.3806491265,2018-11-12
308,2018-01-09,3215, 23.161965943681032, 74465.72050893452,2018-11-13
309,2018-01-09,3213, 23.213921443871445, 74586.32959915895,2018-11-14
310,2018-01-09,3203, 23.067134309867637, 73884.03119450604,2018-11-15
311,2018-01-09,3179, 23.035509221534564, 73229.88381525838,2018-11-16
312,2018-01-09,3149, 22.95906950270341, 72298.10986401304,2018-11-17
313,2018-01-09,3134, 22.9686955527754, 71983.8918623981,2018-11-18
314,2018-01-09,3120, 22.944729840946465, 71587.55710375297,2018-11-19
315,2018-01-09,3108, 23.066751352494055, 71691.46320355152,2018-11-20
316,2018-01-09,3085, 23.192987742958344, 71550.3671870265,2018-11-21
317,2018-01-09,3078, 23.045943425371565, 70935.41386329368,2018-11-22
318,2018-01-09,3040, 23.103733960507586, 70235.35123994306,2018-11-23
319,2018-01-09,3027, 23.10578277327103, 69941.20445469141,2018-11-24
320,2018-01-09,3012, 23.052029332314227, 69432.71234893045,2018-11-25
321,2018-01-09,2994, 23.121506775037684, 69225.79128446283,2018-11-26
322,2018-01-09,2975, 23.14064424623854, 68843.41663255966,2018-11-27
323,2018-01-09,2949, 23.230336532601676, 68506.26243464234,2018-11-28
324,2018-01-09,2937, 23.3395237631224, 68548.1812922905,2018-11-29
325,2018-01-09,2921, 23.330850100538527, 68149.41314367304,2018-11-30
326,2018-01-09,2903, 23.59936499073759, 68508.95656811123,2018-12-01
327,2018-01-09,2901, 23.757240525667385, 68919.75476496108,2018-12-02
328,2018-01-09,2904, 24.065302933023386, 69885.63971749991,2018-12-03
329,2018-01-09,2910, 24.230607174235566, 70511.0668770255,2018-12-04
330,2018-01-09,2919, 24.786135979270743, 72350.7309234913,2018-12-05
331,2018-01-09,2937, 24.89187068793531, 73107.42421046601,2018-12-06
332,2018-01-09,2944, 24.792136368763433, 72988.04946963955,2018-12-07
333,2018-01-09,2941, 25.038387078904375, 73637.89639905776,2018-12-08
334,2018-01-09,2940, 25.10747266339605, 73815.96963038438,2018-12-09
335,2018-01-09,2942, 25.08463939045267, 73799.00908671175,2018-12-10
336,2018-01-09,2934, 25.26760078752107, 74135.14071058681,2018-12-11
337,2018-01-09,2924, 25.799954164474997, 75439.06597692489,2018-12-12
338,2018-01-09,2928, 26.4151027309581, 77343.42079624532,2018-12-13
339,2018-01-09,2916, 26.70801931207825, 77880.58431402018,2018-12-14
340,2018-01-09,2902, 26.43943290504761, 76727.23429044816,2018-12-15
341,2018-01-09,2885, 26.322966936800167, 75941.75961266848,2018-12-16
342,2018-01-09,2879, 26.10452099464378, 75154.91594357944,2018-12-17
343,2018-01-09,2859, 26.104827208008164, 74633.70098769534,2018-12-18
344,2018-01-09,2848, 25.992680652661942, 74027.15449878121,2018-12-19
345,2018-01-09,2851, 26.127520005705936, 74489.55953626762,2018-12-20
346,2018-01-09,2852, 26.247542813761193, 74857.99210484693,2018-12-21
347,2018-01-09,2830, 26.364137361719862, 74610.50873366721,2018-12-22
348,2018-01-09,2821, 26.315575635521984, 74236.23886780752,2018-12-23
349,2018-01-09,2813, 26.35285262838688, 74130.5744436523,2018-12-24
350,2018-01-09,2811, 26.033331265774184, 73179.69418809123,2018-12-25
351,2018-01-09,2798, 25.636238358238067, 71730.19492635012,2018-12-26
352,2018-01-09,2786, 25.55830739371694, 71205.4443988954,2018-12-27
353,2018-01-09,2783, 25.654522390142553, 71396.53581176672,2018-12-28
354,2018-01-09,2802, 25.690728826380386, 71985.42217151784,2018-12-29
355,2018-01-09,2789, 25.641957205487028, 71515.41864610332,2018-12-30
356,2018-01-09,2773, 25.64086682163488, 71102.12369639352,2018-12-31
357,2018-01-09,2774, 25.44417872394739, 70582.15178023007,2019-01-01
358,2018-01-09,2775, 25.49170144804689, 70739.47151833012,2019-01-02
359,2018-01-09,2772, 25.603639726414272, 70973.28932162037,2019-01-03
360,2018-01-09,2775, 26.086712820586694, 72390.62807712807,2019-01-04
361,2018-01-09,2775, 26.23533733237562, 72803.06109734235,2019-01-05
362,2018-01-09,2764, 26.370390513780443, 72887.75938008915,2019-01-06
363,2018-01-09,2761, 26.509686025491906, 73193.24311638315,2019-01-07
364,2018-01-09,2768, 26.97424120915184, 74664.6996669323,2019-01-08
365,2018-01-09,2799, 27.10344647456835, 75862.54668231681,2019-01-09
366,2018-01-09,2803, 27.089208452968464, 75931.0512936706,2019-01-10
367,2018-01-09,2797, 27.20719115764026, 76098.5136679198,2019-01-11
368,2018-01-09,2793, 27.375778705304732, 76460.54992391611,2019-01-12
369,2018-01-09,2770, 27.167965515382583, 75255.26447760976,2019-01-13
370,2018-01-09,2758, 27.03197802855455, 74554.19540275345,2019-01-14
371,2018-01-09,2754, 27.009283333322365, 74383.5662999698,2019-01-15
372,2018-01-09,2743, 27.341162787038513, 74996.80952484664,2019-01-16
373,2018-01-09,2743, 27.401721712733046, 75162.92265802674,2019-01-17
374,2018-01-09,2751, 27.733850062504295, 76295.82152194931,2019-01-18
375,2018-01-09,2757, 27.94539604734712, 77045.45690253601,2019-01-19
376,2018-01-09,2759, 27.775815024155012, 76633.47365164368,2019-01-20
377,2018-01-09,2760, 27.809149958491375, 76753.25388543619,2019-01-21
378,2018-01-09,2756, 27.95492597098271, 77043.77597602835,2019-01-22
379,2018-01-09,2765, 28.265175688155555, 78153.21077775011,2019-01-23
380,2018-01-09,2772, 28.474740677614648, 78931.9811583478,2019-01-24
381,2018-01-09,2772, 28.675097399640965, 79487.36999180475,2019-01-25
382,2018-01-09,2779, 28.76210094002773, 79929.87851233706,2019-01-26
383,2018-01-09,2785, 28.821530671663403, 80267.96292058258,2019-01-27
384,2018-01-09,2792, 28.704168572330474, 80142.03865394669,2019-01-28
385,2018-01-09,2778, 28.798755034500473, 80002.94148584231,2019-01-29
386,2018-01-09,2765, 28.970988657848718, 80104.7836389517,2019-01-30
387,2018-01-09,2768, 28.740034951726138, 79552.41674637794,2019-01-31
388,2018-01-09,2760, 28.613533962846397, 78973.35373745605,2019-02-01
389,2018-01-09,2763, 28.333566174978277, 78285.64334146498,2019-02-02
390,2018-01-09,2752, 28.244407512688557, 77728.6094749189,2019-02-03
391,2018-01-09,2745, 28.295609337385844, 77671.44763112415,2019-02-04
392,2018-01-09,2745, 28.23898768848687, 77516.02120489646,2019-02-05
393,2018-01-09,2737, 28.823473129740638, 78889.84595610012,2019-02-06
394,2018-01-09,2731, 28.6803748297967, 78326.10366017479,2019-02-07
395,2018-01-09,2727, 28.76169458110343, 78433.14112266905,2019-02-08
396,2018-01-09,2723, 28.66544994801516, 78056.02020844528,2019-02-09
397,2018-01-09,2727, 28.894703722798095, 78795.85705207041,2019-02-10
398,2018-01-09,2714, 28.866268116028238, 78343.05166690063,2019-02-11
399,2018-01-09,2714, 29.107183927936045, 78996.89718041843,2019-02-12
400,2018-01-09,2706, 29.06716214013843, 78655.74075121459,2019-02-13
401,2018-01-09,2708, 28.987961542217857, 78499.39985632595,2019-02-14
402,2018-01-09,2714, 29.24091894302397, 79359.85401136706,2019-02-15
403,2018-01-09,2713, 29.096811003408888, 78939.64825224831,2019-02-16
404,2018-01-09,2729, 29.17609400948199, 79621.56055187635,2019-02-17
405,2018-01-09,2722, 29.226805953706204, 79555.36580598829,2019-02-18
406,2018-01-09,2716, 29.472307317090365, 80046.78667321743,2019-02-19
407,2018-01-09,2719, 29.821795741264534, 81085.46262049826,2019-02-20
408,2018-01-09,2743, 30.02074154385841, 82346.89405480362,2019-02-21
409,2018-01-09,2751, 29.962514566315175, 82426.87757193304,2019-02-22
410,2018-01-09,2748, 29.978365264405312, 82380.5477465858,2019-02-23
411,2018-01-09,2748, 30.056733656785774, 82595.90408884731,2019-02-24
412,2018-01-09,2749, 30.151672405140314, 82886.94744173072,2019-02-25
413,2018-01-09,2745, 30.06820773571489, 82537.23023453738,2019-02-26
414,2018-01-09,2745, 30.090926511270936, 82599.59327343872,2019-02-27
415,2018-01-09,2756, 30.07920929690768, 82898.30082227757,2019-02-28
416,2018-01-09,2730, 30.06032506620734, 82064.68743074604,2019-03-01
417,2018-01-09,2731, 29.940234467493443, 81766.78033072459,2019-03-02
418,2018-01-09,2725, 29.974382811815488, 81680.1931621972,2019-03-03
419,2018-01-09,2720, 29.959367819784752, 81489.48046981453,2019-03-04
420,2018-01-09,2722, 30.211533230729785, 82235.79345404648,2019-03-05
421,2018-01-09,2739, 30.222561716169977, 82779.59654058957,2019-03-06
422,2018-01-09,2728, 30.5495256546695, 83339.1059859384,2019-03-07
423,2018-01-09,2719, 30.923011276714274, 84079.6676613861,2019-03-08
424,2018-01-09,2707, 30.87147484840091, 83569.08241462127,2019-03-09
425,2018-01-09,2688, 31.058141516908627, 83484.28439745039,2019-03-10
426,2018-01-09,2681, 30.971505585742282, 83034.60647537505,2019-03-11
427,2018-01-09,2679, 31.095679739245625, 83305.32602143903,2019-03-12
428,2018-01-09,2683, 31.312090656400322, 84010.33923112207,2019-03-13
429,2018-01-09,2688, 31.645939597886972, 85064.28563912018,2019-03-14
430,2018-01-09,2689, 32.186120325406726, 86548.47755501869,2019-03-15
431,2018-01-09,2684, 32.00370247839186, 85897.93745200375,2019-03-16
432,2018-01-09,2683, 32.036421839117494, 85953.71979435223,2019-03-17
433,2018-01-09,2685, 32.17756443033721, 86396.76049545543,2019-03-18
434,2018-01-09,2682, 32.35455192975013, 86774.90827558986,2019-03-19
435,2018-01-09,2691, 32.29078374233528, 86894.49905062423,2019-03-20
436,2018-01-09,2702, 32.50773366640907, 87835.8963666373,2019-03-21
437,2018-01-09,2695, 32.747593201819534, 88254.76367890365,2019-03-22
438,2018-01-09,2681, 33.019912346243224, 88526.38500027808,2019-03-23
439,2018-01-09,2679, 32.98571798183535, 88368.73847333691,2019-03-24
440,2018-01-09,2690, 33.047083197639, 88896.6538016489,2019-03-25
441,2018-01-09,2698, 33.17785456467204, 89513.85161548517,2019-03-26
442,2018-01-09,2690, 33.29776589466884, 89570.99025665919,2019-03-27
443,2018-01-09,2676, 33.299726361388196, 89110.06774307482,2019-03-28
444,2018-01-09,2685, 32.966815672044156, 88515.90007943855,2019-03-29
445,2018-01-09,2679, 32.73413694971358, 87694.75288828267,2019-03-30
446,2018-01-09,2663, 32.48340563069492, 86503.30919454056,2019-03-31
447,2018-01-09,2665, 32.155473112370714, 85694.33584446796,2019-04-01
448,2018-01-09,2661, 31.81655838312188, 84663.86185748733,2019-04-02
449,2018-01-09,2659, 31.583376655699357, 83980.19852750459,2019-04-03
450,2018-01-09,2637, 31.518238052895217, 83113.59374548469,2019-04-04
451,2018-01-09,2643, 31.15718354738578, 82348.43611574062,2019-04-05
452,2018-01-09,2629, 31.094502066732442, 81747.4459334396,2019-04-06
453,2018-01-09,2623, 30.897619706317062, 81044.45648966965,2019-04-07
454,2018-01-09,2607, 30.860593655591774, 80453.56766012775,2019-04-08
455,2018-01-09,2594, 30.781785208977375, 79847.95083208731,2019-04-09
456,2018-01-09,2588, 30.642368597874174, 79302.44993129837,2019-04-10
457,2018-01-09,2584, 30.902264131437143, 79851.45051563358,2019-04-11
458,2018-01-09,2576, 31.013656245752568, 79891.17848905861,2019-04-12
459,2018-01-09,2578, 30.944496161009003, 79774.9111030812,2019-04-13
460,2018-01-09,2569, 30.658610588549266, 78761.97060198306,2019-04-14
461,2018-01-09,2568, 30.388806731435785, 78038.4556863271,2019-04-15
462,2018-01-09,2569, 30.08136890384617, 77279.03671398081,2019-04-16
463,2018-01-09,2556, 29.911152222690628, 76452.90508119724,2019-04-17
464,2018-01-09,2543, 30.22406975019176, 76859.80937473764,2019-04-18
465,2018-01-09,2532, 30.168792615256347, 76387.38290182907,2019-04-19
466,2018-01-09,2516, 30.01650359587629, 75521.52304722475,2019-04-20
467,2018-01-09,2498, 29.61927662857403, 73988.95301817793,2019-04-21
468,2018-01-09,2484, 29.43203746678572, 73109.18106749572,2019-04-22
469,2018-01-09,2476, 29.346047506262387, 72660.81362550567,2019-04-23
470,2018-01-09,2467, 29.22879991554835, 72107.44939165778,2019-04-24
471,2018-01-09,2473, 29.041278321394632, 71819.08128880893,2019-04-25
472,2018-01-09,2458, 29.014614022682853, 71317.92126775446,2019-04-26
473,2018-01-09,2453, 28.597317029596233, 70149.21867359956,2019-04-27
474,2018-01-09,2436, 28.486572308570594, 69393.29014367796,2019-04-28
475,2018-01-09,2424, 28.26952906779943, 68525.33846034581,2019-04-29
476,2018-01-09,2420, 28.07820471544763, 67949.25541138326,2019-04-30
477,2018-01-09,2410, 27.780981569706334, 66952.16558299227,2019-05-01
478,2018-01-09,2400, 27.64222682255901, 66341.34437414163,2019-05-02
479,2018-01-09,2385, 27.814376462887132, 66337.28786398581,2019-05-03
480,2018-01-09,2382, 27.388021411841912, 65238.26700300744,2019-05-04
481,2018-01-09,2368, 27.288937115535806, 64620.20308958879,2019-05-05
482,2018-01-09,2367, 27.079055521792686, 64096.12442008329,2019-05-06
483,2018-01-09,2364, 26.992297822126538, 63809.79205150714,2019-05-07
484,2018-01-09,2351, 27.086527937451134, 63680.42718094762,2019-05-08
485,2018-01-09,2356, 27.121951084998802, 63899.316756257176,2019-05-09
486,2018-01-09,2346, 27.332937271630907, 64123.07083924611,2019-05-10
487,2018-01-09,2334, 27.257961036063406, 63620.08105817199,2019-05-11
488,2018-01-09,2308, 27.3228612955249, 63061.16387007147,2019-05-12
489,2018-01-09,2280, 27.4168281016705, 62510.36807180874,2019-05-13
490,2018-01-09,2282, 27.36723584069551, 62452.03218846716,2019-05-14
491,2018-01-09,2284, 27.233565050753, 62201.46257591985,2019-05-15
492,2018-01-09,2285, 27.367226782345433, 62534.11319765932,2019-05-16
493,2018-01-09,2281, 27.571347289494923, 62890.24316733792,2019-05-17
494,2018-01-09,2276, 27.854815433491442, 63397.55992662652,2019-05-18
495,2018-01-09,2280, 27.860656595224217, 63522.29703711122,2019-05-19
496,2018-01-09,2276, 27.680204416443, 63000.145251824266,2019-05-20
497,2018-01-09,2267, 27.80134835511335, 63025.65672104197,2019-05-21
498,2018-01-09,2267, 27.61971002790305, 62613.88263325622,2019-05-22
499,2018-01-09,2262, 27.86173086559394, 63023.235217973495,2019-05-23
500,2018-01-09,2266, 27.90777474091703, 63239.017562917994,2019-05-24
501,2018-01-09,2262, 27.66678898437931, 62582.27668266599,2019-05-25
502,2018-01-09,2257, 27.46568275360537, 61990.045974887325,2019-05-26
503,2018-01-09,2257, 27.350944803325515, 61731.08242110569,2019-05-27
504,2018-01-09,2262, 27.02345697110473, 61127.059668638896,2019-05-28
505,2018-01-09,2270, 27.032993419598313, 61364.89506248817,2019-05-29
506,2018-01-09,2262, 27.373496246789717, 61918.84851023834,2019-05-30
507,2018-01-09,2265, 27.593008835434663, 62498.16501225951,2019-05-31
508,2018-01-09,2263, 27.758623855167784, 62817.76578424469,2019-06-01
509,2018-01-09,2261, 27.924492669823085, 63137.27792646999,2019-06-02
510,2018-01-09,2262, 28.231388064716185, 63859.39980238801,2019-06-03
511,2018-01-09,2256, 28.232157545753154, 63691.747423219116,2019-06-04
512,2018-01-09,2242, 28.286107346693075, 63417.45267128588,2019-06-05
513,2018-01-09,2238, 28.400822847178357, 63561.04153198517,2019-06-06
514,2018-01-09,2231, 28.462589828018935, 63500.037906310245,2019-06-07
515,2018-01-09,2228, 28.483773709715045, 63461.847825245124,2019-06-08
516,2018-01-09,2224, 28.457226379044496, 63288.87146699496,2019-06-09
517,2018-01-09,2216, 28.716851741813745, 63636.543459859255,2019-06-10
518,2018-01-09,2220, 28.807793154683164, 63953.300803396625,2019-06-11
519,2018-01-09,2224, 28.820518868738827, 64096.83396407515,2019-06-12
520,2018-01-09,2225, 28.78129862460149, 64038.38943973832,2019-06-13
521,2018-01-09,2226, 29.11051914354196, 64800.0156135244,2019-06-14
522,2018-01-09,2224, 28.682145319745842, 63789.091191114756,2019-06-15
523,2018-01-09,2225, 28.883886803695827, 64266.648138223216,2019-06-16
524,2018-01-09,2222, 28.88911755653674, 64191.61921062463,2019-06-17
525,2018-01-09,2229, 28.98869714642821, 64615.805939388476,2019-06-18
526,2018-01-09,2228, 29.016659510787605, 64649.117390034786,2019-06-19
527,2018-01-09,2220, 29.10360592180277, 64610.00514640215,2019-06-20
528,2018-01-09,2228, 29.16689347675606, 64983.8386662125,2019-06-21
529,2018-01-09,2222, 29.294813810993336, 65093.076288027194,2019-06-22
530,2018-01-09,2222, 29.24357849326658, 64979.23141203834,2019-06-23
531,2018-01-09,2214, 29.25015093055983, 64759.83416025947,2019-06-24
532,2018-01-09,2228, 29.355246799299128, 65403.48986883846,2019-06-25
533,2018-01-09,2232, 29.587137130867482, 66038.49007609622,2019-06-26
534,2018-01-09,2253, 29.70134754224989, 66917.136012689,2019-06-27
535,2018-01-09,2283, 29.777840550876878, 67982.80997765191,2019-06-28
536,2018-01-09,2286, 29.71857932885469, 67936.67234576182,2019-06-29
537,2018-01-09,2282, 29.58669661682501, 67516.84167959467,2019-06-30
538,2018-01-09,2271, 29.53647026061833, 67077.32396186423,2019-07-01
539,2018-01-09,2278, 29.76392469779584, 67802.22046157892,2019-07-02
540,2018-01-09,2296, 29.899736040959365, 68649.7939500427,2019-07-03
541,2018-01-09,2301, 30.338217606930915, 69808.23871354804,2019-07-04
542,2018-01-09,2323, 30.2722875916747, 70322.52407546033,2019-07-05
543,2018-01-09,2330, 30.109687064948613, 70155.57086133027,2019-07-06
544,2018-01-09,2338, 30.401752152197517, 71079.2965318378,2019-07-07
545,2018-01-09,2355, 30.406466433069408, 71607.22844987846,2019-07-08
546,2018-01-09,2377, 30.750494047276746, 73093.92435037682,2019-07-09
547,2018-01-09,2409, 30.73296398336377, 74035.71023592332,2019-07-10
548,2018-01-09,2427, 30.556700536442488, 74161.11220194591,2019-07-11
549,2018-01-09,2450, 30.67171841283558, 75145.71011144717,2019-07-12
550,2018-01-09,2445, 30.231232275787125, 73915.36291429952,2019-07-13
551,2018-01-09,2445, 29.731206519038107, 72692.79993904817,2019-07-14
552,2018-01-09,2457, 29.77683430079792, 73161.68187706049,2019-07-15
553,2018-01-09,2471, 29.77005666788688, 73561.81002634848,2019-07-16
554,2018-01-09,2487, 29.64928716066703, 73737.7771685789,2019-07-17
555,2018-01-09,2524, 29.369732268286096, 74129.2042451541,2019-07-18
556,2018-01-09,2541, 29.667375332862665, 75384.80072080404,2019-07-19
557,2018-01-09,2548, 29.597473730703573, 75414.3630658327,2019-07-20
558,2018-01-09,2544, 29.297442346752405, 74532.69333013812,2019-07-21
559,2018-01-09,2545, 29.22060624693874, 74366.44289845909,2019-07-22
560,2018-01-09,2555, 29.201911453468213, 74610.88376361129,2019-07-23
561,2018-01-09,2573, 29.426752745063936, 75715.03481304951,2019-07-24
562,2018-01-09,2604, 29.49332672035426, 76800.62277980249,2019-07-25
563,2018-01-09,2620, 29.51298330836969, 77324.01626792859,2019-07-26
564,2018-01-09,2608, 29.21031073314895, 76180.49039205247,2019-07-27
565,2018-01-09,2612, 28.93569867100912, 75580.04492867582,2019-07-28
566,2018-01-09,2624, 28.890094895712565, 75807.60900634977,2019-07-29
567,2018-01-09,2612, 27.993317415437758, 73118.54508912342,2019-07-30
568,2018-01-09,2623, 28.38990942301514, 74466.73241656872,2019-07-31
569,2018-01-09,2624, 28.527744136201985, 74856.800613394,2019-08-01
570,2018-01-09,2638, 28.54602953106261, 75304.42590294317,2019-08-02
571,2018-01-09,2650, 28.45824719471366, 75414.3550659912,2019-08-03
572,2018-01-09,2675, 28.628080466336954, 76580.11524745135,2019-08-04
573,2018-01-09,2697, 28.788070466842083, 77641.4260490731,2019-08-05
574,2018-01-09,2701, 28.871481181395925, 77981.87067095039,2019-08-06
575,2018-01-09,2716, 29.016669001770303, 78809.27300880814,2019-08-07
576,2018-01-09,2736, 29.13328380704342, 79708.66449607079,2019-08-08
577,2018-01-09,2754, 29.397776839712037, 80961.47741656695,2019-08-09
578,2018-01-09,2777, 29.82297742358094, 82818.40830528428,2019-08-10
579,2018-01-09,2766, 30.121885924215125, 83317.13646637903,2019-08-11
580,2018-01-09,2777, 30.429780181292507, 84503.4995634493,2019-08-12
581,2018-01-09,2789, 30.385759970464424, 84745.88455762528,2019-08-13
582,2018-01-09,2791, 30.43983539406473, 84957.58058483466,2019-08-14
583,2018-01-09,2812, 30.20817943400949, 84945.40056843469,2019-08-15
584,2018-01-09,2820, 30.21255316134322, 85199.39991498788,2019-08-16
585,2018-01-09,2823, 30.067574169348305, 84880.76188007026,2019-08-17
586,2018-01-09,2811, 29.82424947836453, 83835.96528368269,2019-08-18
587,2018-01-09,2809, 29.606681385466253, 83165.1680117747,2019-08-19
588,2018-01-09,2785, 29.496527667658658, 82147.82955442937,2019-08-20
589,2018-01-09,2775, 29.15567883695052, 80907.0087725377,2019-08-21
590,2018-01-09,2771, 29.22782411850267, 80990.3006323709,2019-08-22
591,2018-01-09,2791, 29.2864505909023, 81738.48359920832,2019-08-23
592,2018-01-09,2774, 29.124959267143865, 80792.63700705708,2019-08-24
593,2018-01-09,2758, 29.025825047252155, 80053.22548032145,2019-08-25
594,2018-01-09,2740, 28.73559854341339, 78735.54000895268,2019-08-26
595,2018-01-09,2729, 28.631380563230454, 78135.03755705591,2019-08-27
596,2018-01-09,2732, 28.297313861530377, 77308.26146970098,2019-08-28
597,2018-01-09,2702, 28.249270669660785, 76329.52934942344,2019-08-29
598,2018-01-09,2688, 28.183043324693976, 75756.0204567774,2019-08-30
599,2018-01-09,2698, 28.028635182287147, 75621.25772181072,2019-08-31
600,2018-01-09,2686, 27.66424514029109, 74306.16244682187,2019-09-01
601,2018-01-09,2672, 27.613095702151718, 73782.19171614939,2019-09-02
602,2018-01-09,2665, 27.35642574862671, 72904.87462009018,2019-09-03
603,2018-01-09,2660, 27.154998654091788, 72232.29641988415,2019-09-04
604,2018-01-09,2676, 26.979900352720737, 72198.21334388069,2019-09-05
605,2018-01-09,2670, 27.024512126657047, 72155.44737817431,2019-09-06
606,2018-01-09,2666, 27.03631314800162, 72078.81085257232,2019-09-07
607,2018-01-09,2658, 26.708559942242413, 70991.35232648034,2019-09-08
608,2018-01-09,2645, 26.82984918334123, 70964.95108993756,2019-09-09
609,2018-01-09,2634, 26.63057653273759, 70144.9385872308,2019-09-10
610,2018-01-09,2625, 26.615862132208267, 69866.6380970467,2019-09-11
611,2018-01-09,2615, 26.63286428679525, 69644.94010996958,2019-09-12
612,2018-01-09,2596, 26.76200841423746, 69474.17384336045,2019-09-13
613,2018-01-09,2596, 26.69340900184769, 69296.0897687966,2019-09-14
614,2018-01-09,2579, 26.642037537451042, 68709.81480908624,2019-09-15
615,2018-01-09,2576, 26.398597405622603, 68002.78691688382,2019-09-16
616,2018-01-09,2567, 26.379559756254928, 67716.3298943064,2019-09-17
617,2018-01-09,2566, 26.449070164732444, 67868.31404270345,2019-09-18
618,2018-01-09,2556, 26.531981094595306, 67815.7436777856,2019-09-19
619,2018-01-09,2556, 26.40791842010339, 67498.63948178427,2019-09-20
620,2018-01-09,2546, 26.23041507242332, 66782.63677438977,2019-09-21
621,2018-01-09,2540, 26.03403176932092, 66126.44069407514,2019-09-22
622,2018-01-09,2546, 25.89577354493893, 65930.63944541452,2019-09-23
623,2018-01-09,2544, 25.889430679498613, 65862.71164864447,2019-09-24
624,2018-01-09,2561, 25.985960083235987, 66550.04377316736,2019-09-25
625,2018-01-09,2583, 26.14843604728014, 67541.4103101246,2019-09-26
626,2018-01-09,2591, 26.40682194623521, 68420.07566269542,2019-09-27
627,2018-01-09,2578, 26.63533880956034, 68665.90345104656,2019-09-28
628,2018-01-09,2584, 26.83022622256715, 69329.30455911352,2019-09-29
629,2018-01-09,2567, 27.145552654924337, 69682.63366519078,2019-09-30
630,2018-01-09,2563, 27.106226534584163, 69473.25860813921,2019-10-01
631,2018-01-09,2567, 27.216989842622983, 69866.0129260132,2019-10-02
632,2018-01-09,2564, 27.278118733196457, 69941.09643191572,2019-10-03
633,2018-01-09,2559, 27.435712804382497, 70207.98906641481,2019-10-04
634,2018-01-09,2546, 27.348878398221878, 69630.2444018729,2019-10-05
635,2018-01-09,2550, 27.240492541113966, 69463.25597984061,2019-10-06
636,2018-01-09,2540, 27.292498284554032, 69322.94564276724,2019-10-07
637,2018-01-09,2551, 27.341154257275992, 69747.28451031106,2019-10-08
638,2018-01-09,2558, 27.318860428142173, 69881.64497518768,2019-10-09
639,2018-01-09,2549, 27.552211572104056, 70230.58729729324,2019-10-10
640,2018-01-09,2546, 27.479661169092083, 69963.21733650845,2019-10-11
641,2018-01-09,2532, 27.567548438851475, 69801.03264717193,2019-10-12
642,2018-01-09,2521, 27.58991319721304, 69554.17117017407,2019-10-13
643,2018-01-09,2521, 27.445817405152095, 69190.90567838843,2019-10-14
644,2018-01-09,2516, 27.275428659460832, 68624.97850720346,2019-10-15
645,2018-01-09,2519, 27.371939851493238, 68949.91648591147,2019-10-16
646,2018-01-09,2510, 27.721963065106607, 69582.12729341758,2019-10-17
647,2018-01-09,2511, 27.80138918103305, 69809.28823357399,2019-10-18
648,2018-01-09,2501, 27.73748668847717, 69371.4542078814,2019-10-19
649,2018-01-09,2506, 27.651489863193646, 69294.63359716328,2019-10-20
650,2018-01-09,2510, 27.598669461523833, 69272.66034842482,2019-10-21
651,2018-01-09,2517, 27.854342414419882, 70109.37985709484,2019-10-22
652,2018-01-09,2519, 27.534264449640972, 69358.81214864561,2019-10-23
653,2018-01-09,2523, 27.528364120176718, 69454.06267520586,2019-10-24
654,2018-01-09,2521, 27.792014003399583, 70063.66730257035,2019-10-25
655,2018-01-09,2503, 27.916599299017733, 69875.24804544139,2019-10-26
656,2018-01-09,2506, 27.643723278367816, 69275.17053558974,2019-10-27
657,2018-01-09,2502, 27.83834002672357, 69651.52674686238,2019-10-28
658,2018-01-09,2503, 27.65492046103237, 69220.26591396402,2019-10-29
659,2018-01-09,2508, 27.929848832660916, 70048.06087231358,2019-10-30
660,2018-01-09,2527, 28.25684103047075, 71405.03728399958,2019-10-31
661,2018-01-09,2535, 28.415051528756916, 72032.15562539878,2019-11-01
662,2018-01-09,2536, 28.58335480153741, 72487.38777669887,2019-11-02
663,2018-01-09,2527, 28.990525919281396, 73259.05899802409,2019-11-03
664,2018-01-09,2532, 28.97566968974246, 73366.3956544279,2019-11-04
665,2018-01-09,2542, 28.82761167289251, 73279.78887249276,2019-11-05
666,2018-01-09,2546, 28.812660143311913, 73357.03272487213,2019-11-06
667,2018-01-09,2532, 29.0087167305483, 73450.0707617483,2019-11-07
668,2018-01-09,2534, 29.1991735068437, 73990.70566634194,2019-11-08
669,2018-01-09,2538, 28.97856993860502, 73547.61050417954,2019-11-09
670,2018-01-09,2551, 28.71407083699739, 73249.59470518034,2019-11-10
671,2018-01-09,2555, 28.77762953115675, 73526.8434521055,2019-11-11
672,2018-01-09,2558, 29.12289698396021, 74496.37048497022,2019-11-12
673,2018-01-09,2546, 29.260564075481774, 74497.3961361766,2019-11-13
674,2018-01-09,2568, 29.231257404379498, 75065.86901444655,2019-11-14
675,2018-01-09,2574, 29.4056791292743, 75690.21807875205,2019-11-15
676,2018-01-09,2582, 29.44476542546003, 76026.3843285378,2019-11-16
677,2018-01-09,2588, 29.826873119256636, 77191.94763263618,2019-11-17
678,2018-01-09,2595, 29.86179625080885, 77491.36127084897,2019-11-18
679,2018-01-09,2604, 30.25781690705283, 78791.35522596557,2019-11-19
680,2018-01-09,2613, 30.57435430947204, 79890.78781065044,2019-11-20
681,2018-01-09,2623, 30.92417913038304, 81114.12185899471,2019-11-21
682,2018-01-09,2615, 31.369996021007257, 82032.53959493397,2019-11-22
683,2018-01-09,2619, 31.386028446942944, 82200.00850254357,2019-11-23
684,2018-01-09,2624, 31.105803739075238, 81621.62901133343,2019-11-24
685,2018-01-09,2624, 30.843098807195908, 80932.29127008206,2019-11-25
686,2018-01-09,2611, 30.917133541844123, 80724.63567775501,2019-11-26
687,2018-01-09,2625, 30.767855963157114, 80765.62190328742,2019-11-27
688,2018-01-09,2603, 30.588853129477634, 79622.78469603028,2019-11-28
689,2018-01-09,2591, 30.020515206110215, 77783.15489903156,2019-11-29
690,2018-01-09,2587, 29.78513429040113, 77054.14240926772,2019-11-30
691,2018-01-09,2580, 29.750023455095146, 76755.06051414547,2019-12-01
692,2018-01-09,2579, 29.675641029328812, 76533.478214639,2019-12-02
693,2018-01-09,2577, 29.750698997580866, 76667.5513167659,2019-12-03
694,2018-01-09,2584, 29.686367890695877, 76709.57462955815,2019-12-04
695,2018-01-09,2590, 29.7374850862525, 77020.08637339398,2019-12-05
696,2018-01-09,2581, 29.79505763510493, 76901.04375620582,2019-12-06
697,2018-01-09,2568, 29.650715166274203, 76143.03654699215,2019-12-07
698,2018-01-09,2566, 29.754387766825218, 76349.75900967351,2019-12-08
699,2018-01-09,2561, 29.856259549916793, 76461.88070733691,2019-12-09
700,2018-01-09,2561, 29.914921875339108, 76612.11492274345,2019-12-10
701,2018-01-09,2560, 29.692225218408783, 76012.09655912648,2019-12-11
702,2018-01-09,2557, 30.013070010130107, 76743.42001590268,2019-12-12
703,2018-01-09,2565, 29.887529188125097, 76661.51236754087,2019-12-13
704,2018-01-09,2560, 29.99672219700318, 76791.60882432814,2019-12-14
705,2018-01-09,2563, 30.09521672023126, 77134.04045395272,2019-12-15
706,2018-01-09,2560, 29.9876771014443, 76768.45337969741,2019-12-16
707,2018-01-09,2559, 30.013328561774813, 76804.10778958174,2019-12-17
708,2018-01-09,2578, 30.12960207073372, 77674.11413835154,2019-12-18
709,2018-01-09,2593, 30.53300260323276, 79172.07575018254,2019-12-19
710,2018-01-09,2597, 30.69908251839373, 79725.51730026852,2019-12-20
711,2018-01-09,2584, 30.784034143416818, 79545.94422658905,2019-12-21
712,2018-01-09,2580, 30.658101449528566, 79097.9017397837,2019-12-22
713,2018-01-09,2567, 30.87431936914659, 79254.3778205993,2019-12-23
714,2018-01-09,2572, 30.959705512760266, 79628.3625788194,2019-12-24
715,2018-01-09,2556, 30.782678920639395, 78680.5273211543,2019-12-25
716,2018-01-09,2560, 30.405449107087, 77837.94971414273,2019-12-26
717,2018-01-09,2551, 30.158778660558784, 76935.04436308546,2019-12-27
718,2018-01-09,2554, 30.046565035613607, 76738.92710095715,2019-12-28
719,2018-01-09,2557, 29.937019983489396, 76548.96009778239,2019-12-29
720,2018-01-09,2568, 29.614231220112146, 76049.34577324799,2019-12-30
721,2018-01-09,2569, 29.71645956578584, 76341.58462450383,2019-12-31
722,2018-01-09,2564, 29.516466116259245, 75680.2191220887,2020-01-01
723,2018-01-09,2558, 29.61117564121979, 75745.38729024022,2020-01-02
724,2018-01-09,2541, 29.992175497768688, 76210.11793983023,2020-01-03
725,2018-01-09,2524, 30.120322539860855, 76023.6940906088,2020-01-04
726,2018-01-09,2514, 30.03514955770496, 75508.36598807026,2020-01-05
727,2018-01-09,2522, 29.877099065912613, 75350.04384423161,2020-01-06
728,2018-01-09,2519, 29.86947105033542, 75241.19757579493,2020-01-07
729,2018-01-09,2533, 29.872400748986124, 75666.79109718185,2020-01-08
730,2018-01-09,2505, 29.096016253656426, 72885.52071540935,2020-01-09
731,2018-01-09,2494, 29.386788713714328, 73290.65105200354,2020-01-10
732,2018-01-09,2497, 29.105069513028432, 72675.358574032,2020-01-11
733,2018-01-09,2497, 29.19274644862085, 72894.28788220626,2020-01-12
734,2018-01-09,2498, 29.007662418877167, 72461.14072235517,2020-01-13
735,2018-01-09,2505, 29.024081634783016, 72705.32449513146,2020-01-14
736,2018-01-09,2511, 29.005076291994488, 72831.74656919816,2020-01-15
737,2018-01-09,2519, 29.005272083506316, 73064.28037835241,2020-01-16
738,2018-01-09,2512, 29.0146177557401, 72884.71980241913,2020-01-17
739,2018-01-09,2522, 28.749637299600764, 72506.58526959312,2020-01-18
740,2018-01-09,2524, 28.919317425358233, 72992.35718160418,2020-01-19
741,2018-01-09,2531, 28.764334593070526, 72802.5308550615,2020-01-20
742,2018-01-09,2540, 28.673491540070682, 72830.66851177953,2020-01-21
743,2018-01-09,2533, 28.999603381905814, 73455.99536636742,2020-01-22
744,2018-01-09,2530, 29.259301962398993, 74026.03396486945,2020-01-23
745,2018-01-09,2532, 29.87191620847707, 75635.69183986394,2020-01-24
746,2018-01-09,2531, 29.718329957123473, 75217.09312147951,2020-01-25
747,2018-01-09,2538, 29.754022227635158, 75515.70841373803,2020-01-26
748,2018-01-09,2544, 29.76714843861285, 75727.62562783109,2020-01-27
749,2018-01-09,2549, 29.970350780577366, 76394.4241396917,2020-01-28
750,2018-01-09,2562, 30.316670146834884, 77671.30891619097,2020-01-29
751,2018-01-09,2567, 30.472184111537345, 78222.09661431637,2020-01-30
752,2018-01-09,2578, 30.860032727751996, 79557.16437214465,2020-01-31
753,2018-01-09,2574, 30.842062220486493, 79387.46815553223,2020-02-01
754,2018-01-09,2561, 31.113644311928546, 79682.043082849,2020-02-02
755,2018-01-09,2563, 31.126460326776563, 79777.11781752833,2020-02-03
756,2018-01-09,2560, 31.569185649249242, 80817.11526207806,2020-02-04
757,2018-01-09,2573, 32.51575004752673, 83663.02487228627,2020-02-05
758,2018-01-09,2582, 32.830937362464354, 84769.48026988296,2020-02-06
759,2018-01-09,2571, 33.11655355053769, 85142.6591784324,2020-02-07
760,2018-01-09,2566, 33.286459625092334, 85413.05539798693,2020-02-08
761,2018-01-09,2558, 33.35368430756636, 85318.72445875475,2020-02-09
762,2018-01-09,2554, 33.35000696217624, 85175.91778139811,2020-02-10
763,2018-01-09,2568, 33.368259626000544, 85689.6907195694,2020-02-11
764,2018-01-09,2576, 33.537659015497645, 86393.00962392194,2020-02-12
765,2018-01-09,2571, 33.758688997283095, 86793.58941201484,2020-02-13
766,2018-01-09,2560, 33.975995845747924, 86978.54936511468,2020-02-14
767,2018-01-09,2553, 33.86488747926178, 86457.05773455533,2020-02-15
768,2018-01-09,2557, 33.493083247539445, 85641.81386395836,2020-02-16
769,2018-01-09,2571, 33.256588214462596, 85502.68829938333,2020-02-17
770,2018-01-09,2577, 33.30149009402794, 85817.93997231,2020-02-18
771,2018-01-09,2566, 33.4955603023472, 85949.60773582292,2020-02-19
772,2018-01-09,2545, 33.5923516168081, 85492.53486477662,2020-02-20
773,2018-01-09,2531, 33.64430552751828, 85153.73729014875,2020-02-21
774,2018-01-09,2510, 33.55279788500871, 84217.52269137187,2020-02-22
775,2018-01-09,2500, 33.27032892102574, 83175.82230256434,2020-02-23
776,2018-01-09,2488, 33.23663153495732, 82692.7392589738,2020-02-24
777,2018-01-09,2500, 33.26082583105086, 83152.06457762716,2020-02-25
778,2018-01-09,2505, 33.228793675618796, 83238.12815742509,2020-02-26
779,2018-01-09,2482, 33.47533600331517, 83085.78396022826,2020-02-27
780,2018-01-09,2469, 33.69059054107903, 83182.06804592413,2020-02-28
781,2018-01-09,2450, 33.38781318072162, 81800.14229276798,2020-02-29
782,2018-01-09,2454, 33.183221893076684, 81431.62652561018,2020-03-01
783,2018-01-09,2444, 33.454627395016765, 81763.10935342098,2020-03-02
784,2018-01-09,2453, 33.415125076156194, 81967.30181181114,2020-03-03
785,2018-01-09,2457, 33.312929701716804, 81849.86827711819,2020-03-04
786,2018-01-09,2454, 33.35010421850011, 81841.15575219927,2020-03-05
787,2018-01-09,2450, 33.225653663914315, 81402.85147659008,2020-03-06
788,2018-01-09,2448, 32.70853178786163, 80070.48581668528,2020-03-07
789,2018-01-09,2447, 32.74813216020543, 80134.67939602268,2020-03-08
790,2018-01-09,2474, 32.6102564234259, 80677.77439155568,2020-03-09
791,2018-01-09,2470, 32.82184831947004, 81069.96534909101,2020-03-10
792,2018-01-09,2472, 32.82855290782673, 81152.18278814768,2020-03-11
793,2018-01-09,2482, 33.35132475344398, 82777.98803804796,2020-03-12
794,2018-01-09,2498, 33.37366260306292, 83367.40918245117,2020-03-13
795,2018-01-09,2507, 33.730156940154814, 84561.50344896811,2020-03-14
796,2018-01-09,2523, 33.91431263292044, 85565.81077285827,2020-03-15
797,2018-01-09,2546, 34.22479313689542, 87136.32332653574,2020-03-16
798,2018-01-09,2589, 34.311061463358214, 88831.33812863442,2020-03-17
799,2018-01-09,2600, 34.368674023633424, 89358.5524614469,2020-03-18
800,2018-01-09,2618, 34.55151133096611, 90455.85666446926,2020-03-19
801,2018-01-09,2630, 34.82319833325017, 91585.01161644794,2020-03-20
802,2018-01-09,2647, 34.976684596615186, 92583.2841272404,2020-03-21
803,2018-01-09,2666, 35.03332370746084, 93398.8410040906,2020-03-22
804,2018-01-09,2683, 35.3732705556651, 94906.48490084946,2020-03-23
805,2018-01-09,2687, 35.815490390453185, 96236.2226791477,2020-03-24
806,2018-01-09,2716, 36.13263780637001, 98136.24428210096,2020-03-25
807,2018-01-09,2725, 36.40882068131423, 99214.03635658127,2020-03-26
808,2018-01-09,2729, 36.568659687643944, 99795.87228758032,2020-03-27
809,2018-01-09,2737, 36.70781253608805, 100469.282911273,2020-03-28
810,2018-01-09,2757, 36.55195715570421, 100773.7458782765,2020-03-29
811,2018-01-09,2764, 36.871470475130515, 101912.74439326074,2020-03-30
812,2018-01-09,2776, 36.912924639875534, 102470.27880029449,2020-03-31
813,2018-01-09,2790, 37.45601547017014, 104502.2831617747,2020-04-01
814,2018-01-09,2796, 37.81060756571449, 105718.45875373772,2020-04-02
815,2018-01-09,2813, 37.97251252014554, 106816.67771916941,2020-04-03
816,2018-01-09,2823, 38.35286458696659, 108270.13672900668,2020-04-04
817,2018-01-09,2826, 38.4612052451819, 108691.36602288405,2020-04-05
818,2018-01-09,2824, 38.79152001135939, 109547.2525120789,2020-04-06
819,2018-01-09,2830, 38.87854785219302, 110026.29042170625,2020-04-07
820,2018-01-09,2841, 38.94764801833856, 110650.26802009986,2020-04-08
821,2018-01-09,2841, 39.38903093922313, 111904.23689833292,2020-04-09
822,2018-01-09,2853, 39.565886123613545, 112881.47311066945,2020-04-10
823,2018-01-09,2857, 39.775693908686904, 113639.15749711849,2020-04-11
824,2018-01-09,2864, 39.910222228607545, 114302.876462732,2020-04-12
825,2018-01-09,2878, 39.791808886937275, 114520.82597660547,2020-04-13
826,2018-01-09,2879, 39.82438227795468, 114654.39657823154,2020-04-14
827,2018-01-09,2891, 39.69267818904097, 114751.53264451744,2020-04-15
828,2018-01-09,2889, 39.72613537118761, 114768.805087361,2020-04-16
829,2018-01-09,2884, 39.65788350560598, 114373.33603016764,2020-04-17
830,2018-01-09,2906, 39.76552644978611, 115558.61986307843,2020-04-18
831,2018-01-09,2901, 39.657708438134186, 115047.01217902727,2020-04-19
832,2018-01-09,2900, 39.45957552213576, 114432.76901419369,2020-04-20
833,2018-01-09,2897, 39.5010205429755, 114434.45651300003,2020-04-21
834,2018-01-09,2892, 39.493596136218414, 114215.48002594366,2020-04-22
835,2018-01-09,2890, 39.61090325608572, 114475.51041008774,2020-04-23
836,2018-01-09,2877, 39.85595428603534, 114665.58048092367,2020-04-24
837,2018-01-09,2871, 39.63596625886788, 113794.8591292097,2020-04-25
838,2018-01-09,2864, 39.70805745837479, 113723.8765607854,2020-04-26
839,2018-01-09,2851, 39.614339263904434, 112940.48124139155,2020-04-27
840,2018-01-09,2853, 39.53463549073291, 112792.31505506099,2020-04-28
841,2018-01-09,2845, 39.58975367871662, 112632.84921594878,2020-04-29
842,2018-01-09,2844, 39.67792415502733, 112844.01629689772,2020-04-30
843,2018-01-09,2841, 39.37964892110255, 111877.58258485235,2020-05-01
844,2018-01-09,2847, 39.45490140416012, 112328.10429764385,2020-05-02
845,2018-01-09,2841, 39.39773653450968, 111928.969494542,2020-05-03
846,2018-01-09,2830, 39.49847043649587, 111780.67133528332,2020-05-04
847,2018-01-09,2819, 39.58988805674246, 111603.894431957,2020-05-05
848,2018-01-09,2814, 39.69112242998514, 111690.8185179782,2020-05-06
849,2018-01-09,2816, 39.70509950226944, 111809.56019839075,2020-05-07
850,2018-01-09,2826, 39.69857326704635, 112188.16805267298,2020-05-08
851,2018-01-09,2821, 39.713093220148444, 112030.63597403877,2020-05-09
852,2018-01-09,2817, 39.38692194569307, 110952.95912101738,2020-05-10
853,2018-01-09,2802, 38.82978250547197, 108801.05058033245,2020-05-11
854,2018-01-09,2820, 39.09332266831529, 110243.1699246491,2020-05-12
855,2018-01-09,2818, 38.96804130185383, 109811.94038862409,2020-05-13
856,2018-01-09,2820, 39.2231388460265, 110609.25154579473,2020-05-14
857,2018-01-09,2825, 39.1209009153397, 110516.54508583466,2020-05-15
858,2018-01-09,2821, 39.12070165045539, 110359.49935593465,2020-05-16
859,2018-01-09,2809, 39.06722918179405, 109739.84677165948,2020-05-17
860,2018-01-09,2814, 38.97560241799063, 109677.34520422562,2020-05-18
861,2018-01-09,2825, 38.793584347193885, 109591.87578082272,2020-05-19
862,2018-01-09,2808, 38.87065209398099, 109148.79107989863,2020-05-20
863,2018-01-09,2805, 38.564047287103975, 108172.15264032665,2020-05-21
864,2018-01-09,2813, 38.36170710437902, 107911.4820846182,2020-05-22
865,2018-01-09,2813, 37.91352339152716, 106650.74130036589,2020-05-23
866,2018-01-09,2783, 37.7486404347895, 105054.46633001918,2020-05-24
867,2018-01-09,2791, 37.45619337060536, 104540.23569735956,2020-05-25
868,2018-01-09,2806, 36.9996373668932, 103820.9824515023,2020-05-26
869,2018-01-09,2813, 36.89311798802457, 103780.34090031311,2020-05-27
870,2018-01-09,2807, 36.893562642902786, 103560.23033862813,2020-05-28
871,2018-01-09,2832, 36.564526762443705, 103550.73979124057,2020-05-29
872,2018-01-09,2836, 36.69100845711376, 104055.69998437463,2020-05-30
873,2018-01-09,2854, 36.549798698290545, 104313.12548492121,2020-05-31
874,2018-01-09,2868, 36.97480814933395, 106043.74977228977,2020-06-01
875,2018-01-09,2868, 37.082976558561924, 106353.9767699556,2020-06-02
876,2018-01-09,2889, 37.21709284664509, 107520.18123395766,2020-06-03
877,2018-01-09,2893, 37.45657660397822, 108361.87611530899,2020-06-04
878,2018-01-09,2907, 37.55594385016726, 109175.12877243623,2020-06-05
879,2018-01-09,2900, 36.98086133628068, 107244.49787521397,2020-06-06
880,2018-01-09,2894, 37.0293432921589, 107162.91948750785,2020-06-07
881,2018-01-09,2898, 36.890701837760496, 106909.25392582992,2020-06-08
882,2018-01-09,2892, 36.714203283533536, 106177.47589597899,2020-06-09
883,2018-01-09,2900, 36.44053510436796, 105677.55180266709,2020-06-10
884,2018-01-09,2892, 36.585953550371485, 105806.57766767434,2020-06-11
885,2018-01-09,2881, 36.49495394563393, 105141.96231737136,2020-06-12
886,2018-01-09,2874, 36.371423449509734, 104531.47099389098,2020-06-13
887,2018-01-09,2865, 36.320176387201066, 104057.30534933106,2020-06-14
888,2018-01-09,2862, 35.92931156990208, 102829.68971305976,2020-06-15
889,2018-01-09,2866, 35.85057406470147, 102747.74526943441,2020-06-16
890,2018-01-09,2870, 35.587041347541074, 102134.80866744288,2020-06-17
891,2018-01-09,2866, 35.45065175827549, 101601.56793921755,2020-06-18
892,2018-01-09,2855, 35.53149590283812, 101442.42080260282,2020-06-19
893,2018-01-09,2853, 35.557090199356495, 101444.37833876407,2020-06-20
894,2018-01-09,2845, 35.50172003064687, 101002.39348719035,2020-06-21
895,2018-01-09,2850, 35.43791502282572, 100998.05781505331,2020-06-22
896,2018-01-09,2844, 35.07110654723317, 99742.22702033113,2020-06-23
897,2018-01-09,2824, 35.17315808532543, 99328.99843295902,2020-06-24
898,2018-01-09,2834, 35.192336214156654, 99735.08083091996,2020-06-25
899,2018-01-09,2830, 35.33564344487949, 99999.87094900895,2020-06-26
900,2018-01-09,2836, 34.7657119114936, 98595.55898099585,2020-06-27
901,2018-01-09,2823, 34.67498911522133, 97887.49427226982,2020-06-28
902,2018-01-09,2829, 34.4390147928662, 97427.9728490185,2020-06-29
903,2018-01-09,2829, 34.52892735290388, 97682.33548136508,2020-06-30
904,2018-01-09,2826, 34.42562412900941, 97286.81378858059,2020-07-01
905,2018-01-09,2838, 35.02195489781606, 99392.30800000197,2020-07-02
906,2018-01-09,2871, 35.19941653240122, 101057.52486452392,2020-07-03
907,2018-01-09,2868, 34.89806533767153, 100087.65138844195,2020-07-04
908,2018-01-09,2860, 34.5188204699002, 98723.82654391458,2020-07-05
909,2018-01-09,2856, 34.76533334075921, 99289.79202120831,2020-07-06
910,2018-01-09,2865, 34.69242260604103, 99393.79076630755,2020-07-07
911,2018-01-09,2853, 34.54298369026414, 98551.13246832359,2020-07-08
912,2018-01-09,2868, 34.198377275741166, 98080.94602682567,2020-07-09
913,2018-01-09,2875, 33.999010446430276, 97747.15503348704,2020-07-10
914,2018-01-09,2860, 33.87748477748746, 96889.60646361414,2020-07-11
915,2018-01-09,2863, 33.47236757034938, 95831.38835391027,2020-07-12
916,2018-01-09,2860, 33.15191738299715, 94814.48371537184,2020-07-13
917,2018-01-09,2866, 32.76352573126708, 93900.26474581145,2020-07-14
918,2018-01-09,2874, 32.54952592213437, 93547.33750021418,2020-07-15
919,2018-01-09,2880, 32.34236124452128, 93146.00038422129,2020-07-16
920,2018-01-09,2888, 32.13588880483936, 92808.44686837608,2020-07-17
921,2018-01-09,2878, 31.86275741206536, 91701.0158319241,2020-07-18
922,2018-01-09,2866, 31.588451136703693, 90532.50095779278,2020-07-19
923,2018-01-09,2857, 31.458035738113477, 89875.6081037902,2020-07-20
924,2018-01-09,2854, 31.37565037487814, 89546.10616990221,2020-07-21
925,2018-01-09,2860, 31.225762501180068, 89305.680753375,2020-07-22
926,2018-01-09,2859, 31.383390438063703, 89725.11326242413,2020-07-23
927,2018-01-09,2862, 31.58082227823219, 90384.31336030053,2020-07-24
928,2018-01-09,2851, 31.416064653157875, 89567.2003261531,2020-07-25
929,2018-01-09,2860, 31.08782238831962, 88911.17203059411,2020-07-26
930,2018-01-09,2870, 30.857583504349336, 88561.26465748259,2020-07-27
931,2018-01-09,2879, 30.773743144536137, 88597.60651311954,2020-07-28
932,2018-01-09,2881, 31.12497325963968, 89671.04796102192,2020-07-29
933,2018-01-09,2881, 31.32456641220569, 90246.0758335646,2020-07-30
934,2018-01-09,2876, 30.99201994258438, 89133.04935487268,2020-07-31
935,2018-01-09,2867, 30.854437353368024, 88459.67189210613,2020-08-01
936,2018-01-09,2867, 30.8345723882145, 88402.71903701097,2020-08-02
937,2018-01-09,2885, 30.799451336208854, 88856.41710496254,2020-08-03
938,2018-01-09,2883, 31.11650456523332, 89708.88266156767,2020-08-04
939,2018-01-09,2887, 31.21027473632398, 90104.06316376734,2020-08-05
940,2018-01-09,2880, 31.595057065521956, 90993.76434870323,2020-08-06
941,2018-01-09,2880, 31.699021950126284, 91293.1832163637,2020-08-07
942,2018-01-09,2877, 31.75096401158497, 91347.52346132995,2020-08-08
943,2018-01-09,2871, 31.723846293563543, 91079.16270882094,2020-08-09
944,2018-01-09,2884, 31.5421389406631, 90967.52870487238,2020-08-10
945,2018-01-09,2903, 31.65683880521133, 91899.80305152849,2020-08-11
946,2018-01-09,2906, 31.639422765379273, 91944.16255619217,2020-08-12
947,2018-01-09,2910, 31.875344584897316, 92757.25274205119,2020-08-13
948,2018-01-09,2917, 32.24504547025232, 94058.79763672601,2020-08-14
949,2018-01-09,2910, 32.25351478104053, 93857.72801282794,2020-08-15
950,2018-01-09,2903, 32.3596897320302, 93940.17929208367,2020-08-16
951,2018-01-09,2905, 32.38158926671559, 94068.51681980878,2020-08-17
952,2018-01-09,2900, 32.886981261903685, 95372.24565952069,2020-08-18
953,2018-01-09,2905, 33.33469996046339, 96837.30338514614,2020-08-19
954,2018-01-09,2916, 33.497433729911876, 97678.51675642302,2020-08-20
955,2018-01-09,2914, 33.730071505512356, 98289.428367063,2020-08-21
956,2018-01-09,2906, 33.13777663895477, 96298.37891280257,2020-08-22
957,2018-01-09,2910, 33.06614950901481, 96222.49507123309,2020-08-23
958,2018-01-09,2894, 32.88029490670969, 95155.57346001785,2020-08-24
959,2018-01-09,2890, 32.83212874773839, 94884.85208096394,2020-08-25
960,2018-01-09,2891, 32.88968973363684, 95084.09301994412,2020-08-26
961,2018-01-09,2886, 33.15139203037246, 95674.91739965492,2020-08-27
962,2018-01-09,2893, 32.962253131240715, 95359.7983086794,2020-08-28
963,2018-01-09,2888, 32.99738051437831, 95296.43492552455,2020-08-29
964,2018-01-09,2874, 32.95165228028564, 94703.04865354094,2020-08-30
965,2018-01-09,2859, 33.03424423757925, 94444.90427523908,2020-08-31
966,2018-01-09,2873, 32.9748734046173, 94736.81129146549,2020-09-01
967,2018-01-09,2872, 33.238500853870974, 95460.97445231743,2020-09-02
968,2018-01-09,2875, 33.17848348261599, 95388.14001252096,2020-09-03
969,2018-01-09,2869, 33.278341297187275, 95475.5611816303,2020-09-04
970,2018-01-09,2862, 32.98410697867391, 94400.51417296473,2020-09-05
971,2018-01-09,2861, 32.79369013403267, 93822.74747346748,2020-09-06
972,2018-01-09,2836, 32.72040817949905, 92795.07759705932,2020-09-07
973,2018-01-09,2815, 32.55428312829877, 91640.30700616105,2020-09-08
974,2018-01-09,2808, 32.59629637252518, 91530.40021405071,2020-09-09
975,2018-01-09,2797, 32.701328935349856, 91465.61703217356,2020-09-10
976,2018-01-09,2796, 32.582036938142075, 91099.37527904524,2020-09-11
977,2018-01-09,2814, 32.21660945541789, 90657.53900754594,2020-09-12
978,2018-01-09,2806, 31.97189092241919, 89713.12592830825,2020-09-13
979,2018-01-09,2800, 32.069261732866686, 89793.93285202672,2020-09-14
980,2018-01-09,2797, 32.00451317161798, 89516.62334101548,2020-09-15
981,2018-01-09,2800, 31.99545634109108, 89587.27775505502,2020-09-16
982,2018-01-09,2793, 32.11921550935138, 89708.96891761839,2020-09-17
983,2018-01-09,2796, 32.05539021352491, 89626.87103701565,2020-09-18
984,2018-01-09,2796, 32.08586406281273, 89712.07591962439,2020-09-19
985,2018-01-09,2793, 32.02470575166809, 89445.00316440896,2020-09-20
986,2018-01-09,2788, 32.14358655970261, 89616.31932845087,2020-09-21
987,2018-01-09,2778, 32.27526070606619, 89660.67424145188,2020-09-22
988,2018-01-09,2763, 32.395605684470446, 89509.05850619184,2020-09-23
989,2018-01-09,2758, 32.565053611594024, 89814.41786077632,2020-09-24
990,2018-01-09,2747, 32.592307427576486, 89531.06850355261,2020-09-25
991,2018-01-09,2751, 32.06610021681704, 88213.84169646367,2020-09-26
992,2018-01-09,2720, 32.26633435989533, 87764.4294589153,2020-09-27
993,2018-01-09,2707, 32.060137052418895, 86786.79100089795,2020-09-28
994,2018-01-09,2700, 32.109191441206434, 86694.81689125737,2020-09-29
995,2018-01-09,2705, 31.94443961739571, 86409.70916505539,2020-09-30
996,2018-01-09,2713, 32.10365284547894, 87097.21016978436,2020-10-01
997,2018-01-09,2714, 32.3388297939747, 87767.58406084735,2020-10-02
998,2018-01-09,2711, 32.72828588441381, 88726.38303264584,2020-10-03
999,2018-01-09,2702, 32.56960258455928, 88003.06618347917,2020-10-04
1000,2018-01-09,2694, 32.586332688896995, 87787.5802638885,2020-10-05
1001,2018-01-09,2676, 32.739421713821805, 87610.69250618716,2020-10-06
1002,2018-01-09,2675, 33.212788846915224, 88844.21016549823,2020-10-07
1003,2018-01-09,2678, 33.29395251549555, 89161.20483649707,2020-10-08
1004,2018-01-09,2680, 33.35693211154745, 89396.57805894717,2020-10-09
1005,2018-01-09,2680, 32.838280025903835, 88006.59046942228,2020-10-10
1006,2018-01-09,2674, 32.57863996745526, 87115.28327297536,2020-10-11
1007,2018-01-09,2678, 32.51978428080597, 87087.98230399839,2020-10-12
1008,2018-01-09,2675, 32.38994844749128, 86643.11209703916,2020-10-13
1009,2018-01-09,2666, 32.63114759685683, 86994.6394932203,2020-10-14
1010,2018-01-09,2657, 32.98378581861681, 87637.91892006485,2020-10-15
1011,2018-01-09,2673, 32.832947096219144, 87762.46758819377,2020-10-16
1012,2018-01-09,2658, 32.7256940113957, 86984.89468228977,2020-10-17
1013,2018-01-09,2644, 32.638594270553384, 86296.44325134314,2020-10-18
1014,2018-01-09,2636, 32.708070895380686, 86218.47488022348,2020-10-19
1015,2018-01-09,2634, 32.98780693888295, 86889.88347701769,2020-10-20
1016,2018-01-09,2641, 33.05126886846085, 87288.40108160512,2020-10-21
1017,2018-01-09,2649, 33.263257246114044, 88114.36844495611,2020-10-22
1018,2018-01-09,2659, 33.29865951761102, 88541.13565732772,2020-10-23
1019,2018-01-09,2656, 33.21349245290146, 88215.03595490629,2020-10-24
1020,2018-01-09,2644, 32.65208336867326, 86332.1084267721,2020-10-25
1021,2018-01-09,2644, 33.08184356037709, 87468.39437363701,2020-10-26
1022,2018-01-09,2651, 33.197483105301316, 88006.52771215378,2020-10-27
1023,2018-01-09,2674, 33.04351084016625, 88358.34798660455,2020-10-28
1024,2018-01-09,2685, 33.20039451377809, 89143.05926949417,2020-10-29
1025,2018-01-09,2679, 33.129235183503425, 88753.22105660567,2020-10-30
1026,2018-01-09,2668, 32.95074664562477, 87912.59205052687,2020-10-31
1027,2018-01-09,2661, 32.878309449513345, 87489.18144515502,2020-11-01
1028,2018-01-09,2649, 32.36499723275464, 85734.87766956704,2020-11-02
1029,2018-01-09,2661, 32.607304092053795, 86768.03618895516,2020-11-03
1030,2018-01-09,2668, 32.693244111213744, 87225.57528871826,2020-11-04
1031,2018-01-09,2679, 32.832423343402624, 87958.06213697563,2020-11-05
1032,2018-01-09,2677, 32.682023343675645, 87489.7764910197,2020-11-06
1033,2018-01-09,2689, 33.06258298842675, 88905.28565587952,2020-11-07
1034,2018-01-09,2687, 33.27520767771007, 89410.48303000696,2020-11-08
1035,2018-01-09,2685, 33.62197803469119, 90275.01102314584,2020-11-09
1036,2018-01-09,2690, 33.71250380320261, 90686.63523061501,2020-11-10
1037,2018-01-09,2703, 33.76523175709834, 91267.42143943682,2020-11-11
1038,2018-01-09,2693, 34.25519892020663, 92249.25069211646,2020-11-12
1039,2018-01-09,2683, 34.786630621637, 93332.52995785208,2020-11-13
1040,2018-01-09,2672, 34.85548918890179, 93133.86711274559,2020-11-14
1041,2018-01-09,2668, 34.917007149746375, 93158.57507552333,2020-11-15
1042,2018-01-09,2673, 35.02958130444515, 93634.07082678188,2020-11-16
1043,2018-01-09,2684, 34.9317442062068, 93756.80144945905,2020-11-17
1044,2018-01-09,2679, 34.684163640654134, 92918.87439331242,2020-11-18
1045,2018-01-09,2685, 34.33612468042584, 92192.49476694337,2020-11-19
1046,2018-01-09,2678, 34.436131762494426, 92219.96085996008,2020-11-20
1047,2018-01-09,2666, 34.50996126896248, 92003.55674305397,2020-11-21
1048,2018-01-09,2652, 34.439570380462, 91333.74064898523,2020-11-22
1049,2018-01-09,2654, 34.505845464720046, 91578.513863367,2020-11-23
1050,2018-01-09,2646, 34.58088109368259, 91501.01137388413,2020-11-24
1051,2018-01-09,2642, 34.6291841555942, 91490.30453907988,2020-11-25
1052,2018-01-09,2628, 34.36863923568712, 90320.78391138575,2020-11-26
1053,2018-01-09,2608, 34.221859234864176, 89250.60888452578,2020-11-27
1054,2018-01-09,2594, 33.730850568872896, 87497.8263756563,2020-11-28
1055,2018-01-09,2584, 33.77698451709606, 87279.72799217622,2020-11-29
1056,2018-01-09,2592, 33.63666583908713, 87186.23785491384,2020-11-30
1057,2018-01-09,2586, 33.47485955941348, 86565.98682064326,2020-12-01
1058,2018-01-09,2576, 33.4668175802825, 86210.52208680773,2020-12-02
1059,2018-01-09,2572, 33.34805989265975, 85771.21004392087,2020-12-03
1060,2018-01-09,2567, 33.727526559370105, 86578.56067790306,2020-12-04
1061,2018-01-09,2568, 33.73659338650808, 86635.57181655275,2020-12-05
1062,2018-01-09,2573, 33.58720361249033, 86419.87489493762,2020-12-06
1063,2018-01-09,2568, 33.76730462293424, 86714.43827169514,2020-12-07
1064,2018-01-09,2559, 34.077203031272035, 87203.56255702514,2020-12-08
1065,2018-01-09,2554, 34.57125449707056, 88294.9839855182,2020-12-09
1066,2018-01-09,2554, 34.53150302261847, 88193.45871976759,2020-12-10
1067,2018-01-09,2560, 34.847073498296616, 89208.50815563934,2020-12-11
1068,2018-01-09,2562, 34.83266380523294, 89241.2846690068,2020-12-12
1069,2018-01-09,2558, 35.071924681716006, 89713.98333582954,2020-12-13
1070,2018-01-09,2561, 35.53397995582318, 91002.52266686315,2020-12-14
1071,2018-01-09,2558, 35.64075567242548, 91169.05301006437,2020-12-15
1072,2018-01-09,2558, 35.75855008009794, 91470.37110489052,2020-12-16
1073,2018-01-09,2552, 35.98119611699668, 91824.01249057552,2020-12-17
1074,2018-01-09,2545, 36.08340869464835, 91832.27512788004,2020-12-18
1075,2018-01-09,2533, 36.10728565522942, 91459.75456469611,2020-12-19
1076,2018-01-09,2535, 36.0383479558097, 91357.21206797758,2020-12-20
1077,2018-01-09,2534, 36.286399688840525, 91949.73681152189,2020-12-21
1078,2018-01-09,2529, 35.904761160196955, 90803.14097413809,2020-12-22
1079,2018-01-09,2515, 35.43121738026571, 89109.51171136825,2020-12-23
1080,2018-01-09,2490, 34.71835886470256, 86448.71357310937,2020-12-24
1081,2018-01-09,2464, 33.493766023454846, 82528.63948179274,2020-12-25
