day,clustering,Nnodes,L/N,Firstday,First_Time
0,0.09394763890092431,1199,2.9182652210175144,2018-01-10,2018-01-10
1,0.09746773277633984,1230,2.951219512195122,2018-01-10,2018-01-11
2,0.09553005409053082,1260,2.9682539682539684,2018-01-10,2018-01-12
3,0.09694899935432226,1296,2.9837962962962963,2018-01-10,2018-01-13
4,0.09463503230727578,1344,2.986607142857143,2018-01-10,2018-01-14
5,0.09536929585102051,1369,3.0504017531044556,2018-01-10,2018-01-15
6,0.09515911944793927,1397,3.0608446671438796,2018-01-10,2018-01-16
7,0.09669419152196534,1405,3.1167259786476866,2018-01-10,2018-01-17
8,0.09862006866864315,1419,3.1254404510218463,2018-01-10,2018-01-18
9,0.09580602333101441,1434,3.098326359832636,2018-01-10,2018-01-19
10,0.09526529454180098,1419,3.1035940803382664,2018-01-10,2018-01-20
11,0.09471247749347561,1435,3.1080139372822297,2018-01-10,2018-01-21
12,0.09278076329156469,1435,3.0926829268292684,2018-01-10,2018-01-22
13,0.09186748466452746,1413,3.086341118188252,2018-01-10,2018-01-23
14,0.08791406485326736,1397,3.0794559770937724,2018-01-10,2018-01-24
15,0.08750627847507791,1398,3.0622317596566524,2018-01-10,2018-01-25
16,0.09037101649500956,1397,3.0465282748747318,2018-01-10,2018-01-26
17,0.08587052713954695,1410,3.031205673758865,2018-01-10,2018-01-27
18,0.08511362964872,1419,3.0021141649048624,2018-01-10,2018-01-28
19,0.08237775961501316,1427,3.01541695865452,2018-01-10,2018-01-29
20,0.08384335187543293,1436,3.001392757660167,2018-01-10,2018-01-30
21,0.08440872697689514,1436,2.966573816155989,2018-01-10,2018-01-31
22,0.08710705327769364,1422,2.932489451476793,2018-01-10,2018-02-01
23,0.08597435935827324,1408,2.914772727272727,2018-01-10,2018-02-02
24,0.08180486572771463,1398,2.9062947067238913,2018-01-10,2018-02-03
25,0.08200198886318866,1395,2.8724014336917563,2018-01-10,2018-02-04
26,0.08137177758079167,1399,2.8770550393137957,2018-01-10,2018-02-05
27,0.08386922103255094,1407,2.884150675195451,2018-01-10,2018-02-06
28,0.08866047910761879,1407,2.8720682302771854,2018-01-10,2018-02-07
29,0.09459065506506863,1396,2.8925501432664755,2018-01-10,2018-02-08
30,0.09859786670986874,1391,2.8741912293314162,2018-01-10,2018-02-09
31,0.09834378692329732,1399,2.874195854181558,2018-01-10,2018-02-10
32,0.1022508643623432,1413,2.8690728945506017,2018-01-10,2018-02-11
33,0.1028807522509404,1426,2.8688639551192145,2018-01-10,2018-02-12
34,0.10039641244758844,1563,2.833013435700576,2018-01-10,2018-02-13
35,0.10194324090193674,1758,2.828213879408419,2018-01-10,2018-02-14
36,0.09615923220795962,1928,2.945539419087137,2018-01-10,2018-02-15
37,0.09502393557016187,2057,3.0617403986387943,2018-01-10,2018-02-16
38,0.10007820176226748,2136,3.2743445692883895,2018-01-10,2018-02-17
39,0.10712439614671838,2279,3.413339183852567,2018-01-10,2018-02-18
40,0.11233362123175278,2395,3.5762004175365343,2018-01-10,2018-02-19
41,0.11139733067517991,2495,3.7843687374749497,2018-01-10,2018-02-20
42,0.1169350249520616,2586,3.9613302397525136,2018-01-10,2018-02-21
43,0.12588140954168134,2690,4.107063197026022,2018-01-10,2018-02-22
44,0.12554961915692825,2797,4.201287093314265,2018-01-10,2018-02-23
45,0.13049913164283597,2870,4.2770034843205575,2018-01-10,2018-02-24
46,0.1333169861966546,2952,4.390582655826559,2018-01-10,2018-02-25
47,0.1354647034444855,3016,4.4907161803713525,2018-01-10,2018-02-26
48,0.1415086740630401,3091,4.630216758330637,2018-01-10,2018-02-27
49,0.14338989467369334,3157,4.779854292049414,2018-01-10,2018-02-28
50,0.14458903016630822,3213,4.898225957049487,2018-01-10,2018-03-01
51,0.1440806908536705,3262,5.020539546290619,2018-01-10,2018-03-02
52,0.14076664153588284,3313,5.146392997283429,2018-01-10,2018-03-03
53,0.14162573804109962,3370,5.262017804154302,2018-01-10,2018-03-04
54,0.14563220962767512,3444,5.402729384436702,2018-01-10,2018-03-05
55,0.14762784394867662,3547,5.530871158725684,2018-01-10,2018-03-06
56,0.1482870491928893,3678,5.661228928765634,2018-01-10,2018-03-07
57,0.15282530305281103,3780,5.836507936507936,2018-01-10,2018-03-08
58,0.15248031046660532,3893,6.005651168764449,2018-01-10,2018-03-09
59,0.15276815711114627,3978,6.1478129713423835,2018-01-10,2018-03-10
60,0.15467270159209617,4061,6.344250184683576,2018-01-10,2018-03-11
61,0.15218589567707416,4163,6.530386740331492,2018-01-10,2018-03-12
62,0.1523018680088133,4255,6.670975323149237,2018-01-10,2018-03-13
63,0.15315773677619735,4323,6.817025213971779,2018-01-10,2018-03-14
64,0.1536120603473617,4357,6.970162956162497,2018-01-10,2018-03-15
65,0.15377671135092688,4391,7.099521749032111,2018-01-10,2018-03-16
66,0.15221857028024913,4395,7.183390216154721,2018-01-10,2018-03-17
67,0.15319421681264808,4437,7.213432499436556,2018-01-10,2018-03-18
68,0.14930565625294243,4516,7.277015057573074,2018-01-10,2018-03-19
69,0.1468864761631592,4550,7.342637362637363,2018-01-10,2018-03-20
70,0.1461784036464599,4599,7.397260273972603,2018-01-10,2018-03-21
71,0.14464965333701388,4643,7.398664656472109,2018-01-10,2018-03-22
72,0.1445073753029184,4688,7.4436860068259385,2018-01-10,2018-03-23
73,0.14255246195684093,4764,7.469563392107473,2018-01-10,2018-03-24
74,0.14420106902818186,4788,7.569340016708438,2018-01-10,2018-03-25
75,0.14319158649742467,4873,7.666529858403448,2018-01-10,2018-03-26
76,0.14425540639797424,4959,7.726356120185521,2018-01-10,2018-03-27
77,0.1452307112182072,5047,7.831384981176937,2018-01-10,2018-03-28
78,0.1441451687388078,5122,7.854744240531042,2018-01-10,2018-03-29
79,0.1433553941339631,5141,7.911106788562536,2018-01-10,2018-03-30
80,0.14513093511919087,5177,7.954413753138883,2018-01-10,2018-03-31
81,0.14711640292836786,5236,8.004965622612682,2018-01-10,2018-04-01
82,0.14923950969971966,5291,8.072198072198072,2018-01-10,2018-04-02
83,0.1499573502933517,5348,8.103590127150337,2018-01-10,2018-04-03
84,0.14821846863059426,5417,8.119438803765922,2018-01-10,2018-04-04
85,0.1493249788828826,5444,8.1539309331374,2018-01-10,2018-04-05
86,0.15215742037863908,5437,8.171050211513702,2018-01-10,2018-04-06
87,0.15112583912934446,5416,8.177991137370753,2018-01-10,2018-04-07
88,0.1505200152107501,5412,8.166851441241684,2018-01-10,2018-04-08
89,0.15141199370015768,5434,8.173905042326094,2018-01-10,2018-04-09
90,0.1472232631665025,5470,8.129616087751371,2018-01-10,2018-04-10
91,0.14518747478565852,5480,8.127372262773722,2018-01-10,2018-04-11
92,0.14609048918492085,5663,8.040614515274589,2018-01-10,2018-04-12
93,0.14556203655612485,5892,7.8606585200271555,2018-01-10,2018-04-13
94,0.14627322056442862,5946,7.834342415068954,2018-01-10,2018-04-14
95,0.14500829707436433,5990,7.8232053422370615,2018-01-10,2018-04-15
96,0.1472139607346218,6064,7.812664907651715,2018-01-10,2018-04-16
97,0.14771613356532415,6133,7.842002282732757,2018-01-10,2018-04-17
98,0.1537624160078842,6162,7.832035053554041,2018-01-10,2018-04-18
99,0.1507160086530071,6262,7.848131587352284,2018-01-10,2018-04-19
100,0.14697737842795922,6306,7.868855058674279,2018-01-10,2018-04-20
101,0.14550072439363504,6375,7.874509803921568,2018-01-10,2018-04-21
102,0.1460906275334674,6431,7.903902969989115,2018-01-10,2018-04-22
103,0.14674083277655844,6448,7.986197270471464,2018-01-10,2018-04-23
104,0.14680166573207648,6518,8.031604786744401,2018-01-10,2018-04-24
105,0.14552744230998507,6554,8.061184009765029,2018-01-10,2018-04-25
106,0.14470783135076848,6577,8.090466778166338,2018-01-10,2018-04-26
107,0.14377813379838308,6537,8.0585895670797,2018-01-10,2018-04-27
108,0.1436108912920791,6548,8.041844838118509,2018-01-10,2018-04-28
109,0.1402089548553426,6587,8.050098679216639,2018-01-10,2018-04-29
110,0.13892596227079168,6586,8.085788035226237,2018-01-10,2018-04-30
111,0.13610209553748628,6623,8.070511852634757,2018-01-10,2018-05-01
112,0.13279710610812495,6667,8.062396880155992,2018-01-10,2018-05-02
113,0.1309281999550342,6712,8.025476758045292,2018-01-10,2018-05-03
114,0.12607499720291304,6708,8.003875968992247,2018-01-10,2018-05-04
115,0.12498225646625713,6733,7.974454180900045,2018-01-10,2018-05-05
116,0.12229975887691374,6793,7.978212866185779,2018-01-10,2018-05-06
117,0.12141983584068695,6835,7.996927578639356,2018-01-10,2018-05-07
118,0.12150446806298974,6902,8.021008403361344,2018-01-10,2018-05-08
119,0.12105092954144168,6950,8.030071942446042,2018-01-10,2018-05-09
120,0.12027231473503275,6997,8.05788194940689,2018-01-10,2018-05-10
121,0.1198924688331341,7019,8.028351617039464,2018-01-10,2018-05-11
122,0.11743451157246669,6951,8.013379369874839,2018-01-10,2018-05-12
123,0.1170712174355403,6848,8.185893691588785,2018-01-10,2018-05-13
124,0.11877092902709818,6883,8.284033125090803,2018-01-10,2018-05-14
125,0.12169465407734423,6943,8.312256949445485,2018-01-10,2018-05-15
126,0.12318661571483473,7021,8.40877367896311,2018-01-10,2018-05-16
127,0.12354347799762934,7059,8.415781272134863,2018-01-10,2018-05-17
128,0.12131486930632925,7052,8.417044809982984,2018-01-10,2018-05-18
129,0.12092116705315287,7039,8.336269356442676,2018-01-10,2018-05-19
130,0.12295051814457172,7036,8.293490619670267,2018-01-10,2018-05-20
131,0.12471255578779898,7068,8.319326542161857,2018-01-10,2018-05-21
132,0.12449785671163274,7085,8.320254057868738,2018-01-10,2018-05-22
133,0.12387299344582496,7270,8.286519944979368,2018-01-10,2018-05-23
134,0.12229524294284023,7327,8.304899686092535,2018-01-10,2018-05-24
135,0.12217765250534324,7361,8.274147534302404,2018-01-10,2018-05-25
136,0.12315361353057212,7382,8.265917095638038,2018-01-10,2018-05-26
137,0.12246832684379913,7430,8.279946164199192,2018-01-10,2018-05-27
138,0.12445299196813023,7502,8.283124500133297,2018-01-10,2018-05-28
139,0.12724678289989794,7654,8.269401620067939,2018-01-10,2018-05-29
140,0.1280676293089574,7770,8.33050193050193,2018-01-10,2018-05-30
141,0.12701659289136216,7911,8.360763493869296,2018-01-10,2018-05-31
142,0.12797679826207922,7993,8.355060678093333,2018-01-10,2018-06-01
143,0.12894231596693487,8075,8.411764705882353,2018-01-10,2018-06-02
144,0.12803184719179786,8167,8.45414472878658,2018-01-10,2018-06-03
145,0.12838598046395816,8267,8.479738720212895,2018-01-10,2018-06-04
146,0.12847634386285123,8351,8.480182014130044,2018-01-10,2018-06-05
147,0.12538759933287982,8440,8.450236966824644,2018-01-10,2018-06-06
148,0.12517414030345325,8477,8.416538869883214,2018-01-10,2018-06-07
149,0.12250350968085501,8545,8.352018724400233,2018-01-10,2018-06-08
150,0.11908166911752073,8610,8.274216027874564,2018-01-10,2018-06-09
151,0.11784607652284373,8684,8.288346384154767,2018-01-10,2018-06-10
152,0.11717548514378613,8778,8.279904306220097,2018-01-10,2018-06-11
153,0.1149203969763813,8822,8.21401042847427,2018-01-10,2018-06-12
154,0.1128679203745847,8919,8.130283664087901,2018-01-10,2018-06-13
155,0.11138014915889372,8956,8.158999553372041,2018-01-10,2018-06-14
156,0.11131151070360201,8975,8.073537604456824,2018-01-10,2018-06-15
157,0.10844849780013671,8988,8.004005340453938,2018-01-10,2018-06-16
158,0.10914968131706,9096,7.996481970096746,2018-01-10,2018-06-17
159,0.11002935515904569,9245,8.03428880475933,2018-01-10,2018-06-18
160,0.10767733466691339,9434,8.02437990248039,2018-01-10,2018-06-19
161,0.10636461855814987,9528,8.015323257766582,2018-01-10,2018-06-20
162,0.10229390374719163,9677,7.989356205435569,2018-01-10,2018-06-21
163,0.10212583705306026,9648,7.901844941956882,2018-01-10,2018-06-22
164,0.10115640318619502,9713,7.803150416966951,2018-01-10,2018-06-23
165,0.101771677066523,9772,7.801473598035202,2018-01-10,2018-06-24
166,0.10089507417130215,9948,7.789706473663048,2018-01-10,2018-06-25
167,0.10183209481892715,10182,7.846297387546651,2018-01-10,2018-06-26
168,0.10021006893359768,10347,7.867981057311298,2018-01-10,2018-06-27
