Firstdate,Lastdate,Nusers,Nusers_core,Ncore_frac,Nusers_per,Nlinks,Nlinks_core,Nlinks_per,Nlinks_core_per,L/N core,L/N per,L/N core-per
2016-11-13,2016-12-12,42,2,4.761904761904762,40,60,2,0,58,1.0,0.0,1.380952380952381
2016-11-14,2016-12-13,42,2,4.761904761904762,40,60,2,0,58,1.0,0.0,1.380952380952381
2016-11-15,2016-12-14,46,2,4.3478260869565215,44,68,2,0,66,1.0,0.0,1.434782608695652
2016-11-16,2016-12-15,46,2,4.3478260869565215,44,68,2,0,66,1.0,0.0,1.434782608695652
2016-11-17,2016-12-16,46,2,4.3478260869565215,44,68,2,0,66,1.0,0.0,1.434782608695652
2016-11-18,2016-12-17,51,2,3.9215686274509802,49,74,2,0,72,1.0,0.0,1.411764705882353
2016-11-19,2016-12-18,51,2,3.9215686274509802,49,75,2,0,73,1.0,0.0,1.4313725490196079
2016-11-20,2016-12-19,59,2,3.389830508474576,57,85,2,2,81,1.0,0.03508771929824561,1.4210526315789473
2016-11-21,2016-12-20,62,2,3.225806451612903,60,89,2,2,85,1.0,0.03333333333333333,1.4166666666666667
2016-11-22,2016-12-21,62,2,3.225806451612903,60,89,2,2,85,1.0,0.03333333333333333,1.4166666666666667
2016-11-23,2016-12-22,62,2,3.225806451612903,60,89,2,2,85,1.0,0.03333333333333333,1.4166666666666667
2016-11-24,2016-12-23,62,2,3.225806451612903,60,89,2,2,85,1.0,0.03333333333333333,1.4166666666666667
2016-11-25,2016-12-24,63,2,3.1746031746031744,61,91,2,2,87,1.0,0.03278688524590164,1.4262295081967213
2016-11-26,2016-12-25,63,2,3.1746031746031744,61,91,2,2,87,1.0,0.03278688524590164,1.4262295081967213
2016-11-27,2016-12-26,63,2,3.1746031746031744,61,91,2,2,87,1.0,0.03278688524590164,1.4262295081967213
2016-11-28,2016-12-27,63,2,3.1746031746031744,61,92,2,2,88,1.0,0.03278688524590164,1.4426229508196722
2016-11-29,2016-12-28,68,3,4.411764705882353,65,101,2,0,99,0.6666666666666666,0.0,1.4558823529411764
2016-11-30,2016-12-29,68,3,4.411764705882353,65,102,2,0,100,0.6666666666666666,0.0,1.4705882352941178
2016-12-01,2016-12-30,68,3,4.411764705882353,65,102,2,0,100,0.6666666666666666,0.0,1.4705882352941178
2016-12-02,2016-12-31,68,3,4.411764705882353,65,102,2,0,100,0.6666666666666666,0.0,1.4705882352941178
2016-12-03,2017-01-01,68,3,4.411764705882353,65,102,2,0,100,0.6666666666666666,0.0,1.4705882352941178
2016-12-04,2017-01-02,68,3,4.411764705882353,65,102,2,0,100,0.6666666666666666,0.0,1.4705882352941178
2016-12-05,2017-01-03,68,3,4.411764705882353,65,102,2,0,100,0.6666666666666666,0.0,1.4705882352941178
2016-12-06,2017-01-04,66,3,4.545454545454546,63,98,2,0,96,0.6666666666666666,0.0,1.4545454545454546
2016-12-07,2017-01-05,57,3,5.2631578947368425,54,79,2,0,77,0.6666666666666666,0.0,1.3508771929824561
2016-12-08,2017-01-06,51,3,5.882352941176471,48,70,1,0,69,0.3333333333333333,0.0,1.3529411764705883
2016-12-09,2017-01-07,49,3,6.122448979591836,46,62,0,0,62,0.0,0.0,1.2653061224489797
2016-12-10,2017-01-08,49,3,6.122448979591836,46,62,0,0,62,0.0,0.0,1.2653061224489797
2016-12-11,2017-01-09,61,3,4.918032786885246,58,76,0,0,76,0.0,0.0,1.2459016393442623
2016-12-12,2017-01-10,67,1,1.492537313432836,66,82,0,19,63,0.0,0.2878787878787879,1.1886792452830188
2016-12-13,2017-01-11,57,3,5.2631578947368425,54,72,0,0,72,0.0,0.0,1.263157894736842
2016-12-14,2017-01-12,57,3,5.2631578947368425,54,72,0,0,72,0.0,0.0,1.263157894736842
2016-12-15,2017-01-13,55,3,5.454545454545454,52,68,0,0,68,0.0,0.0,1.2363636363636363
2016-12-16,2017-01-14,72,1,1.3888888888888888,71,86,0,19,67,0.0,0.2676056338028169,1.1355932203389831
2016-12-17,2017-01-15,73,1,1.36986301369863,72,88,0,19,69,0.0,0.2638888888888889,1.15
2016-12-18,2017-01-16,68,1,1.4705882352941178,67,82,0,19,63,0.0,0.2835820895522388,1.1454545454545455
2016-12-19,2017-01-17,67,1,1.492537313432836,66,81,0,19,62,0.0,0.2878787878787879,1.1481481481481481
2016-12-20,2017-01-18,60,1,1.6666666666666667,59,71,0,12,59,0.0,0.2033898305084746,1.1568627450980393
2016-12-21,2017-01-19,55,1,1.8181818181818181,54,67,0,10,57,0.0,0.18518518518518517,1.163265306122449
2016-12-22,2017-01-20,55,1,1.8181818181818181,54,67,0,10,57,0.0,0.18518518518518517,1.163265306122449
2016-12-23,2017-01-21,55,1,1.8181818181818181,54,67,0,10,57,0.0,0.18518518518518517,1.163265306122449
2016-12-24,2017-01-22,55,1,1.8181818181818181,54,67,0,10,57,0.0,0.18518518518518517,1.163265306122449
2016-12-25,2017-01-23,54,1,1.8518518518518519,53,65,0,10,55,0.0,0.18867924528301888,1.1458333333333333
2016-12-26,2017-01-24,54,1,1.8518518518518519,53,65,0,10,55,0.0,0.18867924528301888,1.1458333333333333
2016-12-27,2017-01-25,54,1,1.8518518518518519,53,65,0,10,55,0.0,0.18867924528301888,1.1458333333333333
2016-12-28,2017-01-26,55,1,1.8181818181818181,54,65,0,10,55,0.0,0.18518518518518517,1.1458333333333333
2016-12-29,2017-01-27,50,1,2.0,49,56,0,1,55,0.0,0.02040816326530612,1.1458333333333333
2016-12-30,2017-01-28,48,1,2.0833333333333335,47,55,0,0,55,0.0,0.0,1.1458333333333333
2016-12-31,2017-01-29,48,1,2.0833333333333335,47,55,0,0,55,0.0,0.0,1.1458333333333333
2017-01-01,2017-01-30,48,1,2.0833333333333335,47,55,0,0,55,0.0,0.0,1.1458333333333333
2017-01-02,2017-01-31,48,1,2.0833333333333335,47,55,0,0,55,0.0,0.0,1.1458333333333333
2017-01-03,2017-02-01,48,1,2.0833333333333335,47,55,0,0,55,0.0,0.0,1.1458333333333333
2017-01-04,2017-02-02,48,1,2.0833333333333335,47,55,0,0,55,0.0,0.0,1.1458333333333333
2017-01-05,2017-02-03,48,1,2.0833333333333335,47,55,0,0,55,0.0,0.0,1.1458333333333333
2017-01-06,2017-02-04,48,1,2.0833333333333335,47,55,0,0,55,0.0,0.0,1.1458333333333333
2017-01-07,2017-02-05,48,1,2.0833333333333335,47,55,0,0,55,0.0,0.0,1.1458333333333333
2017-01-08,2017-02-06,48,1,2.0833333333333335,47,55,0,0,55,0.0,0.0,1.1458333333333333
2017-01-09,2017-02-07,48,1,2.0833333333333335,47,55,0,0,55,0.0,0.0,1.1458333333333333
2017-01-10,2017-02-08,37,1,2.7027027027027026,36,41,0,0,41,0.0,0.0,1.1081081081081081
2017-01-11,2017-02-09,29,1,3.4482758620689653,28,30,0,5,25,0.0,0.17857142857142858,1.0416666666666667
2017-01-12,2017-02-10,29,1,3.4482758620689653,28,30,0,5,25,0.0,0.17857142857142858,1.0416666666666667
2017-01-13,2017-02-11,29,1,3.4482758620689653,28,30,0,5,25,0.0,0.17857142857142858,1.0416666666666667
2017-01-14,2017-02-12,25,1,4.0,24,26,0,5,21,0.0,0.20833333333333334,1.05
2017-01-15,2017-02-13,8,1,12.5,7,8,1,3,4,1.0,0.42857142857142855,0.8
2017-01-16,2017-02-14,7,1,14.285714285714286,6,6,1,1,4,1.0,0.16666666666666666,0.8
2017-01-17,2017-02-15,7,1,14.285714285714286,6,6,1,1,4,1.0,0.16666666666666666,0.8
2017-01-18,2017-02-16,7,1,14.285714285714286,6,6,1,1,4,1.0,0.16666666666666666,0.8
2017-01-19,2017-02-17,7,1,14.285714285714286,6,6,1,1,4,1.0,0.16666666666666666,0.8
2017-01-20,2017-02-18,7,1,14.285714285714286,6,6,1,1,4,1.0,0.16666666666666666,0.8
2017-01-21,2017-02-19,7,1,14.285714285714286,6,6,1,1,4,1.0,0.16666666666666666,0.8
2017-01-22,2017-02-20,7,1,14.285714285714286,6,6,1,1,4,1.0,0.16666666666666666,0.8
2017-01-23,2017-02-21,7,1,14.285714285714286,6,6,1,1,4,1.0,0.16666666666666666,0.8
2017-01-24,2017-02-22,7,1,14.285714285714286,6,6,1,1,4,1.0,0.16666666666666666,0.8
2017-01-25,2017-02-23,7,1,14.285714285714286,6,6,1,1,4,1.0,0.16666666666666666,0.8
2017-01-26,2017-02-24,7,1,14.285714285714286,6,6,1,1,4,1.0,0.16666666666666666,0.8
2017-01-27,2017-02-25,5,1,20.0,4,5,1,0,4,1.0,0.0,0.8
2017-01-28,2017-02-26,5,1,20.0,4,5,1,0,4,1.0,0.0,0.8
2017-01-29,2017-02-27,5,1,20.0,4,5,1,0,4,1.0,0.0,0.8
2017-01-30,2017-02-28,5,1,20.0,4,5,1,0,4,1.0,0.0,0.8
2017-01-31,2017-03-01,5,1,20.0,4,5,1,0,4,1.0,0.0,0.8
2017-02-01,2017-03-02,5,1,20.0,4,5,1,0,4,1.0,0.0,0.8
2017-02-02,2017-03-03,5,1,20.0,4,5,1,0,4,1.0,0.0,0.8
2017-02-03,2017-03-04,5,1,20.0,4,5,1,0,4,1.0,0.0,0.8
2017-02-04,2017-03-05,5,1,20.0,4,5,1,0,4,1.0,0.0,0.8
2017-02-05,2017-03-06,5,1,20.0,4,5,1,0,4,1.0,0.0,0.8
2017-02-06,2017-03-07,5,1,20.0,4,5,1,0,4,1.0,0.0,0.8
2017-02-07,2017-03-08,5,1,20.0,4,5,1,0,4,1.0,0.0,0.8
2017-02-08,2017-03-09,5,1,20.0,4,5,1,0,4,1.0,0.0,0.8
2017-02-09,2017-03-10,5,1,20.0,4,5,1,0,4,1.0,0.0,0.8
2017-02-17,2017-03-18,6,1,16.666666666666668,5,5,0,0,5,0.0,0.0,0.8333333333333334
2017-02-18,2017-03-19,6,1,16.666666666666668,5,5,0,0,5,0.0,0.0,0.8333333333333334
2017-02-19,2017-03-20,6,1,16.666666666666668,5,5,0,0,5,0.0,0.0,0.8333333333333334
2017-02-20,2017-03-21,6,1,16.666666666666668,5,5,0,0,5,0.0,0.0,0.8333333333333334
2017-02-21,2017-03-22,6,1,16.666666666666668,5,5,0,0,5,0.0,0.0,0.8333333333333334
2017-02-22,2017-03-23,6,1,16.666666666666668,5,5,0,0,5,0.0,0.0,0.8333333333333334
2017-02-23,2017-03-24,6,1,16.666666666666668,5,5,0,0,5,0.0,0.0,0.8333333333333334
2017-02-24,2017-03-25,6,1,16.666666666666668,5,5,0,0,5,0.0,0.0,0.8333333333333334
2017-02-25,2017-03-26,6,1,16.666666666666668,5,5,0,0,5,0.0,0.0,0.8333333333333334
2017-02-26,2017-03-27,6,1,16.666666666666668,5,5,0,0,5,0.0,0.0,0.8333333333333334
2017-02-27,2017-03-28,6,1,16.666666666666668,5,5,0,0,5,0.0,0.0,0.8333333333333334
2017-02-28,2017-03-29,6,1,16.666666666666668,5,5,0,0,5,0.0,0.0,0.8333333333333334
2017-03-01,2017-03-30,6,1,16.666666666666668,5,5,0,0,5,0.0,0.0,0.8333333333333334
2017-03-02,2017-03-31,6,1,16.666666666666668,5,5,0,0,5,0.0,0.0,0.8333333333333334
2017-03-03,2017-04-01,6,1,16.666666666666668,5,5,0,0,5,0.0,0.0,0.8333333333333334
2017-03-04,2017-04-02,6,1,16.666666666666668,5,5,0,0,5,0.0,0.0,0.8333333333333334
2017-03-05,2017-04-03,6,1,16.666666666666668,5,5,0,0,5,0.0,0.0,0.8333333333333334
2017-03-06,2017-04-04,6,1,16.666666666666668,5,5,0,0,5,0.0,0.0,0.8333333333333334
2017-03-07,2017-04-05,6,1,16.666666666666668,5,5,0,0,5,0.0,0.0,0.8333333333333334
2017-03-08,2017-04-06,6,1,16.666666666666668,5,5,0,0,5,0.0,0.0,0.8333333333333334
2017-03-09,2017-04-07,6,1,16.666666666666668,5,5,0,0,5,0.0,0.0,0.8333333333333334
2017-03-10,2017-04-08,6,1,16.666666666666668,5,5,0,0,5,0.0,0.0,0.8333333333333334
2017-03-11,2017-04-09,6,1,16.666666666666668,5,5,0,0,5,0.0,0.0,0.8333333333333334
2017-03-12,2017-04-10,6,1,16.666666666666668,5,5,0,0,5,0.0,0.0,0.8333333333333334
2017-03-13,2017-04-11,6,1,16.666666666666668,5,5,0,0,5,0.0,0.0,0.8333333333333334
2017-03-14,2017-04-12,6,1,16.666666666666668,5,5,0,0,5,0.0,0.0,0.8333333333333334
2017-03-15,2017-04-13,6,1,16.666666666666668,5,5,0,0,5,0.0,0.0,0.8333333333333334
2017-03-16,2017-04-14,6,1,16.666666666666668,5,5,0,0,5,0.0,0.0,0.8333333333333334
2017-03-17,2017-04-15,6,1,16.666666666666668,5,5,0,0,5,0.0,0.0,0.8333333333333334
2017-03-18,2017-04-16,6,1,16.666666666666668,5,5,0,0,5,0.0,0.0,0.8333333333333334
2017-06-25,2017-07-24,2,2,100.0,0,5,5,0,0,2.5,0.0,0.0
2017-06-26,2017-07-25,4,0,0.0,4,6,0,6,0,0.0,1.5,0.0
2017-06-27,2017-07-26,4,0,0.0,4,6,0,6,0,0.0,1.5,0.0
2017-06-28,2017-07-27,4,0,0.0,4,6,0,6,0,0.0,1.5,0.0
2017-06-29,2017-07-28,4,0,0.0,4,6,0,6,0,0.0,1.5,0.0
2017-06-30,2017-07-29,4,0,0.0,4,6,0,6,0,0.0,1.5,0.0
2017-07-01,2017-07-30,4,0,0.0,4,6,0,6,0,0.0,1.5,0.0
2017-07-02,2017-07-31,4,0,0.0,4,6,0,6,0,0.0,1.5,0.0
2017-07-03,2017-08-01,4,0,0.0,4,6,0,6,0,0.0,1.5,0.0
2017-07-04,2017-08-02,4,0,0.0,4,6,0,6,0,0.0,1.5,0.0
2017-07-05,2017-08-03,4,0,0.0,4,6,0,6,0,0.0,1.5,0.0
2017-07-06,2017-08-04,4,0,0.0,4,6,0,6,0,0.0,1.5,0.0
2017-07-07,2017-08-05,4,0,0.0,4,6,0,6,0,0.0,1.5,0.0
2017-07-08,2017-08-06,4,0,0.0,4,6,0,6,0,0.0,1.5,0.0
2017-07-09,2017-08-07,4,0,0.0,4,7,0,7,0,0.0,1.75,0.0
2017-07-10,2017-08-08,4,0,0.0,4,7,0,7,0,0.0,1.75,0.0
2017-07-11,2017-08-09,4,0,0.0,4,7,0,7,0,0.0,1.75,0.0
2017-07-12,2017-08-10,4,0,0.0,4,7,0,7,0,0.0,1.75,0.0
2017-07-13,2017-08-11,4,0,0.0,4,7,0,7,0,0.0,1.75,0.0
2017-07-14,2017-08-12,4,0,0.0,4,7,0,7,0,0.0,1.75,0.0
2017-07-15,2017-08-13,4,0,0.0,4,7,0,7,0,0.0,1.75,0.0
2017-07-16,2017-08-14,4,0,0.0,4,7,0,7,0,0.0,1.75,0.0
2017-07-17,2017-08-15,4,0,0.0,4,7,0,7,0,0.0,1.75,0.0
2017-07-18,2017-08-16,4,0,0.0,4,7,0,7,0,0.0,1.75,0.0
2017-07-19,2017-08-17,4,0,0.0,4,7,0,7,0,0.0,1.75,0.0
2017-07-20,2017-08-18,4,0,0.0,4,7,0,7,0,0.0,1.75,0.0
2017-07-21,2017-08-19,4,0,0.0,4,7,0,7,0,0.0,1.75,0.0
2017-07-22,2017-08-20,4,0,0.0,4,5,0,5,0,0.0,1.25,0.0
2017-07-23,2017-08-21,4,0,0.0,4,5,0,5,0,0.0,1.25,0.0
2017-07-24,2017-08-22,4,0,0.0,4,4,0,4,0,0.0,1.0,0.0
2017-07-25,2017-08-23,2,2,100.0,0,2,2,0,0,1.0,0.0,0.0
2017-07-26,2017-08-24,2,2,100.0,0,1,1,0,0,0.5,0.0,0.0
2017-07-27,2017-08-25,2,1,50.0,1,1,0,0,1,0.0,0.0,0.5
2017-07-28,2017-08-26,2,1,50.0,1,1,0,0,1,0.0,0.0,0.5
2017-07-29,2017-08-27,2,1,50.0,1,1,0,0,1,0.0,0.0,0.5
2017-07-30,2017-08-28,2,1,50.0,1,1,0,0,1,0.0,0.0,0.5
2017-07-31,2017-08-29,2,1,50.0,1,1,0,0,1,0.0,0.0,0.5
2017-08-01,2017-08-30,2,1,50.0,1,1,0,0,1,0.0,0.0,0.5
2017-08-02,2017-08-31,2,1,50.0,1,1,0,0,1,0.0,0.0,0.5
2017-08-03,2017-09-01,2,1,50.0,1,1,0,0,1,0.0,0.0,0.5
2017-08-04,2017-09-02,2,1,50.0,1,1,0,0,1,0.0,0.0,0.5
2017-08-05,2017-09-03,2,1,50.0,1,1,0,0,1,0.0,0.0,0.5
2017-08-06,2017-09-04,2,1,50.0,1,1,0,0,1,0.0,0.0,0.5
2017-08-07,2017-09-05,2,1,50.0,1,1,0,0,1,0.0,0.0,0.5
2017-08-28,2017-09-26,16,1,6.25,15,19,2,0,17,2.0,0.0,1.0625
2017-08-29,2017-09-27,16,1,6.25,15,19,2,0,17,2.0,0.0,1.0625
2017-08-30,2017-09-28,16,1,6.25,15,19,2,0,17,2.0,0.0,1.0625
2017-08-31,2017-09-29,16,1,6.25,15,19,2,0,17,2.0,0.0,1.0625
2017-09-01,2017-09-30,16,1,6.25,15,19,2,0,17,2.0,0.0,1.0625
2017-09-02,2017-10-01,16,1,6.25,15,19,2,0,17,2.0,0.0,1.0625
2017-09-03,2017-10-02,16,1,6.25,15,19,2,0,17,2.0,0.0,1.0625
2017-09-04,2017-10-03,16,1,6.25,15,19,2,0,17,2.0,0.0,1.0625
2017-09-05,2017-10-04,16,1,6.25,15,19,2,0,17,2.0,0.0,1.0625
2017-09-06,2017-10-05,16,1,6.25,15,19,2,0,17,2.0,0.0,1.0625
2017-09-07,2017-10-06,16,1,6.25,15,19,2,0,17,2.0,0.0,1.0625
2017-09-08,2017-10-07,12,1,8.333333333333334,11,14,2,0,12,2.0,0.0,1.0
2017-09-09,2017-10-08,12,1,8.333333333333334,11,14,2,0,12,2.0,0.0,1.0
2017-09-10,2017-10-09,12,1,8.333333333333334,11,14,2,0,12,2.0,0.0,1.0
2017-09-11,2017-10-10,12,1,8.333333333333334,11,14,2,0,12,2.0,0.0,1.0
2017-09-12,2017-10-11,12,1,8.333333333333334,11,14,2,0,12,2.0,0.0,1.0
2017-09-13,2017-10-12,12,1,8.333333333333334,11,14,2,0,12,2.0,0.0,1.0
2017-09-14,2017-10-13,12,1,8.333333333333334,11,14,2,0,12,2.0,0.0,1.0
2017-09-15,2017-10-14,12,1,8.333333333333334,11,14,2,0,12,2.0,0.0,1.0
2017-09-16,2017-10-15,12,1,8.333333333333334,11,14,2,0,12,2.0,0.0,1.0
2017-09-17,2017-10-16,12,1,8.333333333333334,11,14,2,0,12,2.0,0.0,1.0
2017-09-18,2017-10-17,12,1,8.333333333333334,11,14,2,0,12,2.0,0.0,1.0
2017-09-19,2017-10-18,12,1,8.333333333333334,11,14,2,0,12,2.0,0.0,1.0
2017-09-20,2017-10-19,12,1,8.333333333333334,11,14,2,0,12,2.0,0.0,1.0
2017-09-21,2017-10-20,12,1,8.333333333333334,11,14,2,0,12,2.0,0.0,1.0
2017-09-22,2017-10-21,7,1,14.285714285714286,6,9,2,0,7,2.0,0.0,1.0
2017-09-23,2017-10-22,3,2,66.66666666666667,1,4,0,2,2,0.0,2.0,0.6666666666666666
2017-09-24,2017-10-23,3,2,66.66666666666667,1,3,0,1,2,0.0,1.0,0.6666666666666666
2017-09-25,2017-10-24,3,2,66.66666666666667,1,3,0,1,2,0.0,1.0,0.6666666666666666
2017-09-29,2017-10-28,2,1,50.0,1,1,0,0,1,0.0,0.0,0.5
2017-09-30,2017-10-29,2,1,50.0,1,1,0,0,1,0.0,0.0,0.5
2017-10-01,2017-10-30,2,1,50.0,1,1,0,0,1,0.0,0.0,0.5
2017-10-02,2017-10-31,2,1,50.0,1,1,0,0,1,0.0,0.0,0.5
2017-10-03,2017-11-01,2,1,50.0,1,1,0,0,1,0.0,0.0,0.5
2017-10-04,2017-11-02,2,1,50.0,1,1,0,0,1,0.0,0.0,0.5
2017-10-05,2017-11-03,2,1,50.0,1,1,0,0,1,0.0,0.0,0.5
2017-10-06,2017-11-04,2,1,50.0,1,1,0,0,1,0.0,0.0,0.5
2017-10-07,2017-11-05,2,1,50.0,1,1,0,0,1,0.0,0.0,0.5
2017-10-08,2017-11-06,2,1,50.0,1,1,0,0,1,0.0,0.0,0.5
2017-10-09,2017-11-07,2,1,50.0,1,1,0,0,1,0.0,0.0,0.5
2017-10-10,2017-11-08,2,1,50.0,1,1,0,0,1,0.0,0.0,0.5
2017-10-11,2017-11-09,2,1,50.0,1,1,0,0,1,0.0,0.0,0.5
2017-10-12,2017-11-10,2,1,50.0,1,1,0,0,1,0.0,0.0,0.5
2017-10-13,2017-11-11,2,1,50.0,1,1,0,0,1,0.0,0.0,0.5
2017-10-14,2017-11-12,2,1,50.0,1,1,0,0,1,0.0,0.0,0.5
2017-10-15,2017-11-13,2,1,50.0,1,1,0,0,1,0.0,0.0,0.5
2017-10-16,2017-11-14,2,1,50.0,1,1,0,0,1,0.0,0.0,0.5
2017-10-17,2017-11-15,2,1,50.0,1,1,0,0,1,0.0,0.0,0.5
2017-10-18,2017-11-16,2,1,50.0,1,1,0,0,1,0.0,0.0,0.5
2017-10-19,2017-11-17,2,1,50.0,1,1,0,0,1,0.0,0.0,0.5
2017-10-20,2017-11-18,2,1,50.0,1,1,0,0,1,0.0,0.0,0.5
2017-10-21,2017-11-19,2,1,50.0,1,1,0,0,1,0.0,0.0,0.5
2017-10-22,2017-11-20,2,1,50.0,1,1,0,0,1,0.0,0.0,0.5
2017-10-23,2017-11-21,2,1,50.0,1,1,0,0,1,0.0,0.0,0.5
2017-10-24,2017-11-22,2,1,50.0,1,1,0,0,1,0.0,0.0,0.5
2017-10-25,2017-11-23,2,1,50.0,1,1,0,0,1,0.0,0.0,0.5
2017-10-26,2017-11-24,2,1,50.0,1,1,0,0,1,0.0,0.0,0.5
2018-01-03,2018-02-01,2,2,100.0,0,1,1,0,0,0.5,0.0,0.0
2018-01-04,2018-02-02,2,2,100.0,0,1,1,0,0,0.5,0.0,0.0
2018-01-05,2018-02-03,2,2,100.0,0,1,1,0,0,0.5,0.0,0.0
2018-01-06,2018-02-04,2,2,100.0,0,1,1,0,0,0.5,0.0,0.0
2018-01-07,2018-02-05,2,2,100.0,0,1,1,0,0,0.5,0.0,0.0
2018-01-08,2018-02-06,2,2,100.0,0,1,1,0,0,0.5,0.0,0.0
2018-01-09,2018-02-07,2,2,100.0,0,1,1,0,0,0.5,0.0,0.0
2018-01-10,2018-02-08,2,2,100.0,0,1,1,0,0,0.5,0.0,0.0
2018-01-11,2018-02-09,2,2,100.0,0,1,1,0,0,0.5,0.0,0.0
2018-01-12,2018-02-10,2,2,100.0,0,1,1,0,0,0.5,0.0,0.0
2018-01-13,2018-02-11,2,2,100.0,0,1,1,0,0,0.5,0.0,0.0
2018-01-14,2018-02-12,2,2,100.0,0,1,1,0,0,0.5,0.0,0.0
2018-01-15,2018-02-13,2,2,100.0,0,1,1,0,0,0.5,0.0,0.0
2018-01-16,2018-02-14,2,2,100.0,0,1,1,0,0,0.5,0.0,0.0
2018-04-09,2018-05-08,2,2,100.0,0,1,1,0,0,0.5,0.0,0.0
2018-04-10,2018-05-09,2,2,100.0,0,1,1,0,0,0.5,0.0,0.0
2018-04-11,2018-05-10,2,2,100.0,0,1,1,0,0,0.5,0.0,0.0
2018-04-12,2018-05-11,2,2,100.0,0,1,1,0,0,0.5,0.0,0.0
2018-04-13,2018-05-12,2,2,100.0,0,1,1,0,0,0.5,0.0,0.0
2018-04-14,2018-05-13,2,2,100.0,0,1,1,0,0,0.5,0.0,0.0
2018-04-15,2018-05-14,2,2,100.0,0,1,1,0,0,0.5,0.0,0.0
2018-04-16,2018-05-15,2,2,100.0,0,1,1,0,0,0.5,0.0,0.0
2018-04-17,2018-05-16,2,2,100.0,0,1,1,0,0,0.5,0.0,0.0
2018-04-18,2018-05-17,2,2,100.0,0,1,1,0,0,0.5,0.0,0.0
2018-08-15,2018-09-13,3,2,66.66666666666667,1,2,0,0,2,0.0,0.0,0.6666666666666666
2018-08-16,2018-09-14,3,2,66.66666666666667,1,2,0,0,2,0.0,0.0,0.6666666666666666
2018-08-17,2018-09-15,3,2,66.66666666666667,1,2,0,0,2,0.0,0.0,0.6666666666666666
2018-08-18,2018-09-16,3,2,66.66666666666667,1,2,0,0,2,0.0,0.0,0.6666666666666666
2018-08-19,2018-09-17,3,2,66.66666666666667,1,2,0,0,2,0.0,0.0,0.6666666666666666
2018-08-20,2018-09-18,6,3,50.0,3,5,2,0,3,0.6666666666666666,0.0,0.6
2018-08-21,2018-09-19,8,1,12.5,7,8,1,2,5,1.0,0.2857142857142857,0.8333333333333334
2018-08-22,2018-09-20,8,1,12.5,7,9,1,2,6,1.0,0.2857142857142857,1.0
2018-08-23,2018-09-21,8,1,12.5,7,9,1,2,6,1.0,0.2857142857142857,1.0
2018-08-24,2018-09-22,8,1,12.5,7,9,1,2,6,1.0,0.2857142857142857,1.0
2018-08-25,2018-09-23,8,1,12.5,7,9,1,2,6,1.0,0.2857142857142857,1.0
2018-08-26,2018-09-24,8,1,12.5,7,9,1,2,6,1.0,0.2857142857142857,1.0
2018-08-27,2018-09-25,8,1,12.5,7,9,1,2,6,1.0,0.2857142857142857,1.0
2018-08-28,2018-09-26,8,1,12.5,7,9,1,2,6,1.0,0.2857142857142857,1.0
2018-08-29,2018-09-27,8,1,12.5,7,9,1,2,6,1.0,0.2857142857142857,1.0
2018-08-30,2018-09-28,18,2,11.11111111111111,16,20,1,2,17,0.5,0.125,1.0625
2018-08-31,2018-09-29,38,3,7.894736842105263,35,55,3,2,50,1.0,0.05714285714285714,1.3888888888888888
2018-09-01,2018-09-30,50,3,6.0,47,76,5,2,69,1.6666666666666667,0.0425531914893617,1.4375
2018-09-02,2018-10-01,54,3,5.555555555555555,51,81,5,2,74,1.6666666666666667,0.0392156862745098,1.4230769230769231
2018-09-03,2018-10-02,56,3,5.357142857142857,53,84,5,2,77,1.6666666666666667,0.03773584905660377,1.4259259259259258
2018-09-04,2018-10-03,56,3,5.357142857142857,53,84,5,2,77,1.6666666666666667,0.03773584905660377,1.4259259259259258
2018-09-05,2018-10-04,62,3,4.838709677419355,59,91,6,2,83,2.0,0.03389830508474576,1.3833333333333333
2018-09-06,2018-10-05,64,3,4.6875,61,101,6,3,92,2.0,0.04918032786885246,1.4838709677419355
2018-09-07,2018-10-06,65,3,4.615384615384615,62,102,6,3,93,2.0,0.04838709677419355,1.4761904761904763
2018-09-08,2018-10-07,65,3,4.615384615384615,62,102,6,3,93,2.0,0.04838709677419355,1.4761904761904763
2018-09-09,2018-10-08,66,3,4.545454545454546,63,107,7,3,97,2.3333333333333335,0.047619047619047616,1.515625
2018-09-10,2018-10-09,66,3,4.545454545454546,63,107,7,3,97,2.3333333333333335,0.047619047619047616,1.515625
2018-09-11,2018-10-10,67,3,4.477611940298507,64,108,7,3,98,2.3333333333333335,0.046875,1.5076923076923077
2018-09-12,2018-10-11,66,3,4.545454545454546,63,106,7,1,98,2.3333333333333335,0.015873015873015872,1.5076923076923077
2018-09-13,2018-10-12,66,3,4.545454545454546,63,107,7,1,99,2.3333333333333335,0.015873015873015872,1.523076923076923
2018-09-14,2018-10-13,66,3,4.545454545454546,63,108,7,1,100,2.3333333333333335,0.015873015873015872,1.5384615384615385
2018-09-15,2018-10-14,66,3,4.545454545454546,63,108,7,1,100,2.3333333333333335,0.015873015873015872,1.5384615384615385
2018-09-16,2018-10-15,66,3,4.545454545454546,63,108,7,1,100,2.3333333333333335,0.015873015873015872,1.5384615384615385
2018-09-17,2018-10-16,66,3,4.545454545454546,63,108,7,1,100,2.3333333333333335,0.015873015873015872,1.5384615384615385
2018-09-18,2018-10-17,66,3,4.545454545454546,63,108,7,1,100,2.3333333333333335,0.015873015873015872,1.5384615384615385
2018-09-19,2018-10-18,64,2,3.125,62,105,6,7,92,3.0,0.11290322580645161,1.5593220338983051
2018-09-20,2018-10-19,63,2,3.1746031746031744,61,103,6,5,92,3.0,0.08196721311475409,1.5593220338983051
2018-09-21,2018-10-20,63,2,3.1746031746031744,61,102,6,4,92,3.0,0.06557377049180328,1.5593220338983051
2018-09-22,2018-10-21,63,2,3.1746031746031744,61,102,6,4,92,3.0,0.06557377049180328,1.5593220338983051
2018-09-23,2018-10-22,64,2,3.125,62,104,6,6,92,3.0,0.0967741935483871,1.5593220338983051
2018-09-24,2018-10-23,64,2,3.125,62,104,6,6,92,3.0,0.0967741935483871,1.5593220338983051
2018-09-25,2018-10-24,64,2,3.125,62,104,6,6,92,3.0,0.0967741935483871,1.5593220338983051
2018-09-26,2018-10-25,64,2,3.125,62,104,6,6,92,3.0,0.0967741935483871,1.5593220338983051
2018-09-27,2018-10-26,64,2,3.125,62,104,6,6,92,3.0,0.0967741935483871,1.5593220338983051
2018-09-28,2018-10-27,64,2,3.125,62,104,6,6,92,3.0,0.0967741935483871,1.5593220338983051
2018-09-29,2018-10-28,57,2,3.508771929824561,55,93,5,4,84,2.5,0.07272727272727272,1.5555555555555556
2018-09-30,2018-10-29,37,1,2.7027027027027026,36,58,2,14,42,2.0,0.3888888888888889,1.4482758620689655
2018-10-01,2018-10-30,26,3,11.538461538461538,23,39,10,0,29,3.3333333333333335,0.0,1.1153846153846154
2018-10-02,2018-10-31,21,3,14.285714285714286,18,34,10,0,24,3.3333333333333335,0.0,1.1428571428571428
2018-10-03,2018-11-01,18,3,16.666666666666668,15,31,10,0,21,3.3333333333333335,0.0,1.1666666666666667
2018-10-04,2018-11-02,18,3,16.666666666666668,15,31,10,0,21,3.3333333333333335,0.0,1.1666666666666667
2018-10-05,2018-11-03,14,2,14.285714285714286,12,25,7,5,13,3.5,0.4166666666666667,1.0833333333333333
2018-10-06,2018-11-04,12,2,16.666666666666668,10,15,1,5,9,0.5,0.5,1.0
2018-10-07,2018-11-05,12,2,16.666666666666668,10,14,1,5,8,0.5,0.5,0.8888888888888888
2018-10-08,2018-11-06,12,2,16.666666666666668,10,14,1,5,8,0.5,0.5,0.8888888888888888
2018-10-09,2018-11-07,10,1,10.0,9,9,0,3,6,0.0,0.3333333333333333,1.0
2018-10-10,2018-11-08,10,1,10.0,9,9,0,3,6,0.0,0.3333333333333333,1.0
2018-10-11,2018-11-09,9,1,11.11111111111111,8,8,0,2,6,0.0,0.25,1.0
2018-10-12,2018-11-10,9,1,11.11111111111111,8,8,0,2,6,0.0,0.25,1.0
2018-10-13,2018-11-11,9,1,11.11111111111111,8,7,0,2,5,0.0,0.25,1.0
2018-10-14,2018-11-12,7,1,14.285714285714286,6,6,0,1,5,0.0,0.16666666666666666,1.0
2018-10-15,2018-11-13,7,1,14.285714285714286,6,6,0,1,5,0.0,0.16666666666666666,1.0
2018-10-16,2018-11-14,7,1,14.285714285714286,6,6,0,1,5,0.0,0.16666666666666666,1.0
2018-10-17,2018-11-15,7,1,14.285714285714286,6,6,0,1,5,0.0,0.16666666666666666,1.0
2018-10-18,2018-11-16,7,1,14.285714285714286,6,6,0,1,5,0.0,0.16666666666666666,1.0
2018-10-19,2018-11-17,7,1,14.285714285714286,6,6,0,1,5,0.0,0.16666666666666666,1.0
2018-10-20,2018-11-18,6,1,16.666666666666668,5,5,0,1,4,0.0,0.2,1.0
2018-10-21,2018-11-19,6,1,16.666666666666668,5,5,0,1,4,0.0,0.2,1.0
2018-10-22,2018-11-20,6,1,16.666666666666668,5,5,0,1,4,0.0,0.2,1.0
2018-10-23,2018-11-21,5,1,20.0,4,3,0,1,2,0.0,0.25,0.6666666666666666
2018-10-24,2018-11-22,5,1,20.0,4,3,0,1,2,0.0,0.25,0.6666666666666666
2018-10-25,2018-11-23,5,1,20.0,4,3,0,1,2,0.0,0.25,0.6666666666666666
2018-10-26,2018-11-24,5,1,20.0,4,3,0,1,2,0.0,0.25,0.6666666666666666
2018-10-27,2018-11-25,5,1,20.0,4,3,0,1,2,0.0,0.25,0.6666666666666666
2018-10-28,2018-11-26,5,1,20.0,4,3,0,1,2,0.0,0.25,0.6666666666666666
2018-10-29,2018-11-27,5,1,20.0,4,3,0,1,2,0.0,0.25,0.6666666666666666
2018-10-30,2018-11-28,5,1,20.0,4,3,0,1,2,0.0,0.25,0.6666666666666666
2018-10-31,2018-11-29,2,2,100.0,0,1,1,0,0,0.5,0.0,0.0
2018-11-01,2018-11-30,2,2,100.0,0,1,1,0,0,0.5,0.0,0.0
2018-11-02,2018-12-01,2,2,100.0,0,1,1,0,0,0.5,0.0,0.0
2018-11-03,2018-12-02,4,0,0.0,4,2,0,2,0,0.0,0.5,0.0
2018-11-04,2018-12-03,2,2,100.0,0,1,1,0,0,0.5,0.0,0.0
2018-11-05,2018-12-04,2,2,100.0,0,1,1,0,0,0.5,0.0,0.0
2018-11-06,2018-12-05,2,2,100.0,0,1,1,0,0,0.5,0.0,0.0
2018-11-07,2018-12-06,4,0,0.0,4,2,0,2,0,0.0,0.5,0.0
2018-11-08,2018-12-07,4,0,0.0,4,2,0,2,0,0.0,0.5,0.0
2018-11-09,2018-12-08,4,0,0.0,4,2,0,2,0,0.0,0.5,0.0
2018-11-10,2018-12-09,4,0,0.0,4,2,0,2,0,0.0,0.5,0.0
2018-11-11,2018-12-10,4,0,0.0,4,2,0,2,0,0.0,0.5,0.0
2018-11-12,2018-12-11,4,0,0.0,4,2,0,2,0,0.0,0.5,0.0
2018-11-13,2018-12-12,4,0,0.0,4,2,0,2,0,0.0,0.5,0.0
2018-11-14,2018-12-13,4,0,0.0,4,2,0,2,0,0.0,0.5,0.0
2018-11-15,2018-12-14,4,0,0.0,4,2,0,2,0,0.0,0.5,0.0
2018-11-16,2018-12-15,4,0,0.0,4,2,0,2,0,0.0,0.5,0.0
2018-11-17,2018-12-16,4,0,0.0,4,2,0,2,0,0.0,0.5,0.0
2018-11-18,2018-12-17,4,0,0.0,4,2,0,2,0,0.0,0.5,0.0
2018-11-19,2018-12-18,4,2,50.0,2,2,0,0,2,0.0,0.0,0.5
2018-11-20,2018-12-19,4,2,50.0,2,2,0,0,2,0.0,0.0,0.5
2018-11-21,2018-12-20,4,2,50.0,2,2,0,0,2,0.0,0.0,0.5
2018-11-22,2018-12-21,4,2,50.0,2,2,0,0,2,0.0,0.0,0.5
2018-11-23,2018-12-22,4,2,50.0,2,2,0,0,2,0.0,0.0,0.5
2018-11-24,2018-12-23,4,2,50.0,2,2,0,0,2,0.0,0.0,0.5
2018-11-25,2018-12-24,4,2,50.0,2,2,0,0,2,0.0,0.0,0.5
2018-11-26,2018-12-25,4,2,50.0,2,2,0,0,2,0.0,0.0,0.5
2018-11-27,2018-12-26,4,2,50.0,2,2,0,0,2,0.0,0.0,0.5
2018-11-28,2018-12-27,4,2,50.0,2,2,0,0,2,0.0,0.0,0.5
2018-11-29,2018-12-28,4,2,50.0,2,2,0,0,2,0.0,0.0,0.5
2018-11-30,2018-12-29,4,2,50.0,2,2,0,0,2,0.0,0.0,0.5
2018-12-01,2018-12-30,4,2,50.0,2,2,0,0,2,0.0,0.0,0.5
2018-12-02,2018-12-31,4,2,50.0,2,2,0,0,2,0.0,0.0,0.5
2018-12-03,2019-01-01,2,2,100.0,0,1,1,0,0,0.5,0.0,0.0
2018-12-04,2019-01-02,2,2,100.0,0,1,1,0,0,0.5,0.0,0.0
2018-12-05,2019-01-03,2,2,100.0,0,1,1,0,0,0.5,0.0,0.0
2018-12-06,2019-01-04,2,2,100.0,0,1,1,0,0,0.5,0.0,0.0
2019-02-23,2019-03-24,58,1,1.7241379310344827,57,82,0,6,76,0.0,0.10526315789473684,1.4074074074074074
2019-02-24,2019-03-25,64,1,1.5625,63,90,0,6,84,0.0,0.09523809523809523,1.4
2019-02-25,2019-03-26,63,1,1.5873015873015872,62,90,0,6,84,0.0,0.0967741935483871,1.423728813559322
2019-02-26,2019-03-27,64,1,1.5625,63,91,0,6,85,0.0,0.09523809523809523,1.4166666666666667
2019-02-27,2019-03-28,64,1,1.5625,63,91,0,6,85,0.0,0.09523809523809523,1.4166666666666667
2019-02-28,2019-03-29,64,1,1.5625,63,91,0,6,85,0.0,0.09523809523809523,1.4166666666666667
2019-03-01,2019-03-30,65,1,1.5384615384615385,64,92,0,6,86,0.0,0.09375,1.4098360655737705
2019-03-02,2019-03-31,65,1,1.5384615384615385,64,92,0,6,86,0.0,0.09375,1.4098360655737705
2019-03-03,2019-04-01,58,1,1.7241379310344827,57,83,0,7,76,0.0,0.12280701754385964,1.4339622641509433
2019-03-04,2019-04-02,56,1,1.7857142857142858,55,81,0,7,74,0.0,0.12727272727272726,1.4509803921568627
2019-03-05,2019-04-03,59,1,1.694915254237288,58,85,0,7,78,0.0,0.1206896551724138,1.4444444444444444
2019-03-06,2019-04-04,62,1,1.6129032258064515,61,88,0,7,81,0.0,0.11475409836065574,1.4210526315789473
2019-03-07,2019-04-05,66,1,1.5151515151515151,65,93,0,7,86,0.0,0.1076923076923077,1.4098360655737705
2019-03-08,2019-04-06,69,1,1.4492753623188406,68,98,0,7,91,0.0,0.10294117647058823,1.421875
2019-03-09,2019-04-07,95,2,2.1052631578947367,93,136,0,7,129,0.0,0.07526881720430108,1.4333333333333333
2019-03-10,2019-04-08,96,2,2.0833333333333335,94,141,0,7,134,0.0,0.07446808510638298,1.4725274725274726
2019-03-11,2019-04-09,96,2,2.0833333333333335,94,141,0,7,134,0.0,0.07446808510638298,1.4725274725274726
2019-03-12,2019-04-10,110,2,1.8181818181818181,108,160,0,7,153,0.0,0.06481481481481481,1.457142857142857
2019-03-13,2019-04-11,110,2,1.8181818181818181,108,160,0,7,153,0.0,0.06481481481481481,1.457142857142857
2019-03-14,2019-04-12,95,2,2.1052631578947367,93,130,0,7,123,0.0,0.07526881720430108,1.3666666666666667
2019-03-15,2019-04-13,95,2,2.1052631578947367,93,130,0,7,123,0.0,0.07526881720430108,1.3666666666666667
2019-03-16,2019-04-14,96,2,2.0833333333333335,94,131,0,7,124,0.0,0.07446808510638298,1.3626373626373627
2019-03-17,2019-04-15,96,2,2.0833333333333335,94,130,0,7,123,0.0,0.07446808510638298,1.3516483516483517
2019-03-18,2019-04-16,96,2,2.0833333333333335,94,130,0,7,123,0.0,0.07446808510638298,1.3516483516483517
2019-03-19,2019-04-17,92,2,2.1739130434782608,90,126,0,7,119,0.0,0.07777777777777778,1.367816091954023
2019-03-20,2019-04-18,92,2,2.1739130434782608,90,127,0,7,120,0.0,0.07777777777777778,1.3793103448275863
2019-03-21,2019-04-19,92,2,2.1739130434782608,90,127,0,7,120,0.0,0.07777777777777778,1.3793103448275863
2019-03-22,2019-04-20,92,2,2.1739130434782608,90,127,0,7,120,0.0,0.07777777777777778,1.3793103448275863
2019-03-23,2019-04-21,83,2,2.4096385542168677,81,103,0,1,102,0.0,0.012345679012345678,1.2439024390243902
2019-03-24,2019-04-22,127,4,3.1496062992125986,123,160,1,11,148,0.25,0.08943089430894309,1.2542372881355932
2019-03-25,2019-04-23,408,20,4.901960784313726,388,935,169,93,673,8.45,0.23969072164948454,1.7526041666666667
2019-03-26,2019-04-24,451,21,4.656319290465632,430,1060,184,119,757,8.761904761904763,0.27674418604651163,1.8110047846889952
2019-03-27,2019-04-25,534,22,4.119850187265918,512,1304,201,199,904,9.136363636363637,0.388671875,1.863917525773196
2019-03-28,2019-04-26,723,40,5.532503457814661,683,2020,399,157,1464,9.975,0.22986822840409957,2.152941176470588
2019-03-29,2019-04-27,818,44,5.378973105134475,774,2363,467,212,1684,10.613636363636363,0.2739018087855297,2.2187088274044795
2019-03-30,2019-04-28,870,42,4.827586206896552,828,2605,455,274,1876,10.833333333333334,0.3309178743961353,2.3508771929824563
2019-03-31,2019-04-29,916,47,5.131004366812227,869,2838,576,252,2010,12.25531914893617,0.2899884925201381,2.364705882352941
2019-04-01,2019-04-30,981,45,4.587155963302752,936,3097,593,286,2218,13.177777777777777,0.3055555555555556,2.4346871569703623
2019-04-02,2019-05-01,1043,48,4.6021093000958775,995,3413,647,291,2475,13.479166666666666,0.29246231155778896,2.5541795665634677
2019-04-03,2019-05-02,1095,51,4.657534246575342,1044,3707,714,302,2691,14.0,0.289272030651341,2.638235294117647
2019-04-04,2019-05-03,1125,51,4.533333333333333,1074,3857,738,333,2786,14.470588235294118,0.3100558659217877,2.6711409395973154
2019-04-05,2019-05-04,1143,54,4.724409448818897,1089,3988,797,331,2860,14.75925925925926,0.3039485766758494,2.6930320150659135
2019-04-06,2019-05-05,1171,54,4.611443210930829,1117,4142,843,340,2959,15.61111111111111,0.3043867502238138,2.7221711131554738
2019-04-07,2019-05-06,1191,54,4.534005037783375,1137,4283,847,346,3090,15.685185185185185,0.3043095866314864,2.7913279132791327
2019-04-08,2019-05-07,1217,46,3.7797863599013968,1171,4420,715,490,3215,15.543478260869565,0.4184457728437233,2.8911870503597124
2019-04-09,2019-05-08,1228,48,3.9087947882736156,1180,4514,737,471,3306,15.354166666666666,0.39915254237288134,2.9308510638297873
2019-04-10,2019-05-09,1251,48,3.8369304556354917,1203,4640,741,519,3380,15.4375,0.4314214463840399,2.9701230228471003
2019-04-11,2019-05-10,1261,53,4.203013481363997,1208,4744,853,466,3425,16.09433962264151,0.38576158940397354,2.9551337359792926
2019-04-12,2019-05-11,1286,48,3.7325038880248833,1238,4874,793,556,3525,16.520833333333332,0.4491114701130856,3.015397775876818
2019-04-13,2019-05-12,1306,46,3.5222052067381315,1260,5007,804,614,3589,17.47826086956522,0.4873015873015873,3.036379018612521
2019-04-14,2019-05-13,1331,46,3.4560480841472576,1285,5176,823,623,3730,17.891304347826086,0.4848249027237354,3.0903065451532727
2019-04-15,2019-05-14,1351,45,3.3308660251665434,1306,5264,804,647,3813,17.866666666666667,0.49540581929555894,3.117743254292723
2019-04-16,2019-05-15,1369,40,2.9218407596785974,1329,5398,769,764,3865,19.225,0.5748683220466516,3.1758422350041084
2019-04-17,2019-05-16,1384,41,2.96242774566474,1343,5516,811,766,3939,19.78048780487805,0.5703648548026806,3.1946472019464722
2019-04-18,2019-05-17,1400,42,3.0,1358,5613,818,787,4008,19.476190476190474,0.5795287187039765,3.21669341894061
2019-04-19,2019-05-18,1413,44,3.113941967445152,1369,5704,850,747,4107,19.318181818181817,0.545653761869978,3.2313139260424864
2019-04-20,2019-05-19,1423,45,3.162333099086437,1378,5801,871,733,4197,19.355555555555554,0.5319303338171263,3.2686915887850465
2019-04-21,2019-05-20,1434,45,3.1380753138075312,1389,5839,875,740,4224,19.444444444444443,0.5327573794096472,3.2668213457076565
2019-04-22,2019-05-21,1440,46,3.1944444444444446,1394,5873,927,738,4208,20.152173913043477,0.5294117647058824,3.246913580246914
2019-04-23,2019-05-22,1431,48,3.3542976939203353,1383,5860,992,693,4175,20.666666666666668,0.5010845986984815,3.223938223938224
2019-04-24,2019-05-23,1282,19,1.4820592823712948,1263,5114,428,1255,3431,22.526315789473685,0.9936658749010293,3.2676190476190476
2019-04-25,2019-05-24,1252,19,1.5175718849840256,1233,5026,424,1189,3413,22.31578947368421,0.9643146796431468,3.2817307692307693
2019-04-26,2019-05-25,1216,19,1.5625,1197,4828,420,1056,3352,22.105263157894736,0.8822055137844611,3.2734375
2019-04-27,2019-05-26,1104,14,1.2681159420289856,1090,4147,285,899,2963,20.357142857142858,0.8247706422018348,3.1723768736616704
2019-04-28,2019-05-27,1047,15,1.4326647564469914,1032,3863,345,713,2805,23.0,0.6908914728682171,3.1201334816462736
2019-04-29,2019-05-28,1011,13,1.2858555885262117,998,3672,262,775,2635,20.153846153846153,0.7765531062124249,3.0497685185185186
2019-04-30,2019-05-29,980,18,1.836734693877551,962,3479,326,535,2618,18.11111111111111,0.5561330561330561,3.0161290322580645
2019-05-01,2019-05-30,934,22,2.355460385438972,912,3235,376,388,2471,17.09090909090909,0.42543859649122806,2.9139150943396226
2019-05-02,2019-05-31,895,20,2.2346368715083798,875,2980,323,415,2242,16.15,0.4742857142857143,2.7850931677018633
2019-05-03,2019-06-01,851,20,2.3501762632197414,831,2736,298,359,2079,14.9,0.43200962695547535,2.710560625814863
2019-05-04,2019-06-02,823,17,2.0656136087484813,806,2638,248,441,1949,14.588235294117647,0.5471464019851117,2.6808803301237965
2019-05-05,2019-06-03,806,19,2.357320099255583,787,2568,270,356,1942,14.210526315789474,0.45235069885641677,2.674931129476584
2019-05-06,2019-06-04,777,22,2.831402831402831,755,2473,279,302,1892,12.681818181818182,0.4,2.6875
2019-05-07,2019-06-05,748,29,3.877005347593583,719,2343,302,152,1889,10.413793103448276,0.2114047287899861,2.6756373937677056
2019-05-08,2019-06-06,714,30,4.201680672268908,684,2207,310,135,1762,10.333333333333334,0.19736842105263158,2.6142433234421363
2019-05-09,2019-06-07,699,20,2.8612303290414878,679,2135,220,300,1615,11.0,0.4418262150220913,2.5757575757575757
2019-05-10,2019-06-08,678,19,2.8023598820059,659,2060,201,292,1567,10.578947368421053,0.44309559939301973,2.5730706075533663
2019-05-11,2019-06-09,663,21,3.167420814479638,642,1963,192,231,1540,9.142857142857142,0.3598130841121495,2.5454545454545454
2019-05-12,2019-06-10,643,21,3.265940902021773,622,1871,164,239,1468,7.809523809523809,0.3842443729903537,2.5310344827586206
2019-05-13,2019-06-11,614,25,4.071661237785016,589,1746,177,151,1418,7.08,0.2563667232597623,2.5008818342151677
2019-05-14,2019-06-12,568,20,3.5211267605633805,548,1589,149,217,1223,7.45,0.395985401459854,2.41699604743083
2019-05-15,2019-06-13,551,27,4.900181488203267,524,1512,187,128,1197,6.925925925925926,0.24427480916030533,2.3516699410609037
2019-05-16,2019-06-14,521,26,4.990403071017274,495,1392,173,138,1081,6.653846153846154,0.2787878787878788,2.2615062761506275
2019-05-17,2019-06-15,509,24,4.715127701375246,485,1307,154,151,1002,6.416666666666667,0.311340206185567,2.1782608695652175
2019-05-18,2019-06-16,477,25,5.241090146750524,452,1232,157,129,946,6.28,0.2853982300884956,2.15
2019-05-19,2019-06-17,458,27,5.895196506550218,431,1153,168,84,901,6.222222222222222,0.19489559164733178,2.0953488372093023
2019-05-20,2019-06-18,448,25,5.580357142857143,423,1080,147,87,846,5.88,0.20567375886524822,2.0336538461538463
2019-05-21,2019-06-19,444,23,5.18018018018018,421,1076,127,93,856,5.521739130434782,0.2209026128266033,2.0827250608272507
2019-05-22,2019-06-20,439,23,5.239179954441913,416,1072,128,83,861,5.565217391304348,0.19951923076923078,2.1
2019-05-23,2019-06-21,435,23,5.287356321839081,412,1042,120,79,843,5.217391304347826,0.19174757281553398,2.0661764705882355
2019-05-24,2019-06-22,432,23,5.324074074074074,409,1027,120,77,830,5.217391304347826,0.1882640586797066,2.044334975369458
2019-05-25,2019-06-23,429,24,5.594405594405594,405,1007,121,59,827,5.041666666666667,0.145679012345679,2.0269607843137254
2019-05-26,2019-06-24,415,24,5.783132530120482,391,976,120,55,801,5.0,0.14066496163682865,2.017632241813602
2019-05-27,2019-06-25,407,23,5.651105651105651,384,950,107,54,789,4.6521739130434785,0.140625,2.023076923076923
2019-05-28,2019-06-26,400,23,5.75,377,925,101,59,765,4.391304347826087,0.15649867374005305,1.9921875
2019-05-29,2019-06-27,394,22,5.583756345177665,372,891,80,67,744,3.6363636363636362,0.18010752688172044,1.984
2019-05-30,2019-06-28,384,21,5.46875,363,864,67,78,719,3.1904761904761907,0.21487603305785125,1.9916897506925209
2019-05-31,2019-06-29,396,23,5.808080808080808,373,887,84,67,736,3.652173913043478,0.17962466487935658,1.9626666666666666
2019-06-01,2019-06-30,390,24,6.153846153846154,366,856,83,70,703,3.4583333333333335,0.1912568306010929,1.905149051490515
2019-06-02,2019-07-01,373,23,6.166219839142091,350,818,68,88,662,2.9565217391304346,0.25142857142857145,1.8914285714285715
2019-06-03,2019-07-02,363,20,5.509641873278237,343,774,59,105,610,2.95,0.30612244897959184,1.8711656441717792
2019-06-04,2019-07-03,350,20,5.714285714285714,330,720,71,103,546,3.55,0.31212121212121213,1.744408945686901
2019-06-05,2019-07-04,320,18,5.625,302,665,50,110,505,2.7777777777777777,0.36423841059602646,1.7971530249110321
2019-06-06,2019-07-05,317,20,6.309148264984227,297,664,83,97,484,4.15,0.3265993265993266,1.704225352112676
2019-06-07,2019-07-06,309,17,5.501618122977346,292,630,73,109,448,4.294117647058823,0.3732876712328767,1.641025641025641
2019-06-08,2019-07-07,303,16,5.2805280528052805,287,608,59,108,441,3.6875,0.37630662020905925,1.6641509433962265
2019-06-09,2019-07-08,285,14,4.912280701754386,271,559,57,114,388,4.071428571428571,0.42066420664206644,1.603305785123967
2019-06-10,2019-07-09,265,14,5.283018867924528,251,538,56,109,373,4.0,0.4342629482071713,1.6288209606986899
2019-06-11,2019-07-10,261,13,4.980842911877395,248,504,55,95,354,4.230769230769231,0.38306451612903225,1.6238532110091743
2019-06-12,2019-07-11,258,13,5.038759689922481,245,495,56,88,351,4.3076923076923075,0.35918367346938773,1.6175115207373272
2019-06-13,2019-07-12,255,12,4.705882352941177,243,490,42,92,356,3.5,0.3786008230452675,1.6635514018691588
2019-06-14,2019-07-13,247,12,4.8582995951417,235,478,40,86,352,3.3333333333333335,0.3659574468085106,1.6682464454976302
2019-06-15,2019-07-14,243,11,4.526748971193416,232,464,32,86,346,2.909090909090909,0.3706896551724138,1.6878048780487804
2019-06-16,2019-07-15,226,10,4.424778761061947,216,432,29,91,312,2.9,0.4212962962962963,1.6774193548387097
2019-06-17,2019-07-16,220,9,4.090909090909091,211,414,26,92,296,2.888888888888889,0.43601895734597157,1.6818181818181819
2019-06-18,2019-07-17,223,9,4.0358744394618835,214,414,24,97,293,2.6666666666666665,0.4532710280373832,1.6839080459770115
2019-06-19,2019-07-18,222,14,6.306306306306307,208,410,28,69,313,2.0,0.3317307692307692,1.656084656084656
2019-06-20,2019-07-19,206,21,10.194174757281553,185,386,47,27,312,2.238095238095238,0.14594594594594595,1.6595744680851063
2019-06-21,2019-07-20,205,22,10.731707317073171,183,367,43,30,294,1.9545454545454546,0.16393442622950818,1.5978260869565217
2019-06-22,2019-07-21,209,21,10.047846889952153,188,371,46,37,288,2.1904761904761907,0.19680851063829788,1.5567567567567568
2019-06-23,2019-07-22,213,18,8.450704225352112,195,371,42,52,277,2.3333333333333335,0.26666666666666666,1.4972972972972973
2019-06-24,2019-07-23,208,21,10.096153846153847,187,348,45,29,274,2.142857142857143,0.15508021390374332,1.46524064171123
2019-06-25,2019-07-24,204,16,7.8431372549019605,188,341,33,53,255,2.0625,0.28191489361702127,1.5
2019-06-26,2019-07-25,223,22,9.865470852017937,201,367,46,26,295,2.090909090909091,0.12935323383084577,1.446078431372549
2019-06-27,2019-07-26,207,24,11.594202898550725,183,336,47,18,271,1.9583333333333333,0.09836065573770492,1.3969072164948453
2019-06-28,2019-07-27,200,23,11.5,177,325,55,23,247,2.391304347826087,0.12994350282485875,1.3571428571428572
2019-06-29,2019-07-28,196,23,11.73469387755102,173,312,53,20,239,2.3043478260869565,0.11560693641618497,1.3204419889502763
2019-06-30,2019-07-29,184,19,10.326086956521738,165,278,38,29,211,2.0,0.17575757575757575,1.294478527607362
2019-07-01,2019-07-30,174,17,9.770114942528735,157,256,31,27,198,1.8235294117647058,0.17197452229299362,1.2941176470588236
2019-07-02,2019-07-31,169,17,10.059171597633137,152,244,28,25,191,1.6470588235294117,0.16447368421052633,1.2733333333333334
2019-07-03,2019-08-01,164,15,9.146341463414634,149,238,25,31,182,1.6666666666666667,0.2080536912751678,1.2907801418439717
2019-07-04,2019-08-02,163,14,8.588957055214724,149,235,24,32,179,1.7142857142857142,0.21476510067114093,1.2971014492753623
2019-07-05,2019-08-03,162,13,8.024691358024691,149,240,20,39,181,1.5384615384615385,0.26174496644295303,1.3308823529411764
2019-07-06,2019-08-04,169,10,5.9171597633136095,159,247,13,49,185,1.3,0.3081761006289308,1.3602941176470589
2019-07-07,2019-08-05,170,10,5.882352941176471,160,247,13,46,188,1.3,0.2875,1.3623188405797102
2019-07-08,2019-08-06,170,10,5.882352941176471,160,245,12,45,188,1.2,0.28125,1.3623188405797102
2019-07-09,2019-08-07,173,10,5.780346820809249,163,253,12,50,191,1.2,0.3067484662576687,1.3642857142857143
2019-07-10,2019-08-08,173,10,5.780346820809249,163,263,18,56,189,1.8,0.34355828220858897,1.3695652173913044
2019-07-11,2019-08-09,171,10,5.847953216374269,161,262,18,56,188,1.8,0.34782608695652173,1.3722627737226278
2019-07-12,2019-08-10,170,10,5.882352941176471,160,258,17,56,185,1.7,0.35,1.3602941176470589
2019-07-13,2019-08-11,166,12,7.228915662650603,154,252,20,43,189,1.6666666666666667,0.2792207792207792,1.3795620437956204
2019-07-14,2019-08-12,167,11,6.586826347305389,156,254,16,49,189,1.4545454545454546,0.3141025641025641,1.3795620437956204
2019-07-15,2019-08-13,178,10,5.617977528089888,168,271,17,59,195,1.7,0.35119047619047616,1.3829787234042554
2019-07-16,2019-08-14,188,13,6.914893617021277,175,292,28,50,214,2.1538461538461537,0.2857142857142857,1.3896103896103895
2019-07-17,2019-08-15,188,14,7.446808510638298,174,300,32,46,222,2.2857142857142856,0.26436781609195403,1.4050632911392404
2019-07-18,2019-08-16,181,9,4.972375690607735,172,292,17,71,204,1.8888888888888888,0.4127906976744186,1.457142857142857
2019-07-19,2019-08-17,176,7,3.977272727272727,169,274,17,84,173,2.4285714285714284,0.4970414201183432,1.384
2019-07-20,2019-08-18,173,6,3.468208092485549,167,268,14,84,170,2.3333333333333335,0.5029940119760479,1.3821138211382114
2019-07-21,2019-08-19,175,9,5.142857142857143,166,271,16,55,200,1.7777777777777777,0.3313253012048193,1.3986013986013985
2019-07-22,2019-08-20,166,11,6.626506024096385,155,259,19,45,195,1.7272727272727273,0.2903225806451613,1.4028776978417266
2019-07-23,2019-08-21,164,14,8.536585365853659,150,257,23,37,197,1.6428571428571428,0.24666666666666667,1.3873239436619718
2019-07-24,2019-08-22,163,13,7.975460122699387,150,260,21,41,198,1.6153846153846154,0.2733333333333333,1.4142857142857144
2019-07-25,2019-08-23,167,15,8.982035928143713,152,264,28,38,198,1.8666666666666667,0.25,1.3846153846153846
2019-07-26,2019-08-24,144,15,10.416666666666666,129,233,33,32,168,2.2,0.24806201550387597,1.3658536585365855
2019-07-27,2019-08-25,144,16,11.11111111111111,128,235,38,24,173,2.375,0.1875,1.3515625
2019-07-28,2019-08-26,152,15,9.868421052631579,137,260,37,25,198,2.466666666666667,0.18248175182481752,1.4558823529411764
2019-07-29,2019-08-27,152,16,10.526315789473685,136,264,43,18,203,2.6875,0.1323529411764706,1.460431654676259
2019-07-30,2019-08-28,154,14,9.090909090909092,140,268,33,29,206,2.357142857142857,0.20714285714285716,1.5147058823529411
2019-07-31,2019-08-29,150,16,10.666666666666666,134,261,39,18,204,2.4375,0.13432835820895522,1.511111111111111
2019-08-01,2019-08-30,148,15,10.135135135135135,133,258,34,23,201,2.2666666666666666,0.17293233082706766,1.5227272727272727
2019-08-02,2019-08-31,145,15,10.344827586206897,130,252,33,16,203,2.2,0.12307692307692308,1.5378787878787878
2019-08-03,2019-09-01,146,15,10.273972602739725,131,250,32,13,205,2.1333333333333333,0.09923664122137404,1.5413533834586466
2019-08-04,2019-09-02,140,13,9.285714285714286,127,241,25,20,196,1.9230769230769231,0.15748031496062992,1.5934959349593496
2019-08-05,2019-09-03,139,14,10.071942446043165,125,235,26,14,195,1.8571428571428572,0.112,1.5234375
2019-08-06,2019-09-04,158,8,5.063291139240507,150,274,26,50,198,3.25,0.3333333333333333,1.523076923076923
2019-08-07,2019-09-05,177,8,4.519774011299435,169,300,27,49,224,3.375,0.28994082840236685,1.4834437086092715
2019-08-08,2019-09-06,174,8,4.597701149425287,166,291,26,44,221,3.25,0.26506024096385544,1.483221476510067
2019-08-09,2019-09-07,169,9,5.325443786982248,160,278,26,22,230,2.888888888888889,0.1375,1.4935064935064934
2019-08-10,2019-09-08,167,11,6.586826347305389,156,282,31,13,238,2.8181818181818183,0.08333333333333333,1.5256410256410255
2019-08-11,2019-09-09,175,11,6.285714285714286,164,298,31,13,254,2.8181818181818183,0.07926829268292683,1.548780487804878
2019-08-12,2019-09-10,173,10,5.780346820809249,163,300,30,18,252,3.0,0.11042944785276074,1.5460122699386503
2019-08-13,2019-09-11,173,11,6.358381502890174,162,307,32,12,263,2.909090909090909,0.07407407407407407,1.603658536585366
2019-08-14,2019-09-12,166,11,6.626506024096385,155,295,31,15,249,2.8181818181818183,0.0967741935483871,1.585987261146497
2019-08-15,2019-09-13,156,11,7.051282051282051,145,276,27,18,231,2.4545454545454546,0.12413793103448276,1.582191780821918
2019-08-16,2019-09-14,153,11,7.189542483660131,142,264,27,15,222,2.4545454545454546,0.1056338028169014,1.5205479452054795
2019-08-17,2019-09-15,157,10,6.369426751592357,147,266,23,18,225,2.3,0.12244897959183673,1.5100671140939597
2019-08-18,2019-09-16,156,10,6.410256410256411,146,264,23,18,223,2.3,0.1232876712328767,1.5067567567567568
2019-08-19,2019-09-17,156,10,6.410256410256411,146,263,23,16,224,2.3,0.1095890410958904,1.5135135135135136
2019-08-20,2019-09-18,153,10,6.5359477124183005,143,252,21,15,216,2.1,0.1048951048951049,1.4794520547945205
2019-08-21,2019-09-19,150,6,4.0,144,246,17,41,188,2.8333333333333335,0.2847222222222222,1.413533834586466
2019-08-22,2019-09-20,144,5,3.4722222222222223,139,234,13,52,169,2.6,0.37410071942446044,1.3739837398373984
2019-08-23,2019-09-21,144,5,3.4722222222222223,139,230,13,51,166,2.6,0.3669064748201439,1.360655737704918
2019-08-24,2019-09-22,138,5,3.6231884057971016,133,217,12,44,161,2.4,0.3308270676691729,1.3529411764705883
2019-08-25,2019-09-23,139,7,5.0359712230215825,132,215,17,22,176,2.4285714285714284,0.16666666666666666,1.3858267716535433
2019-08-26,2019-09-24,138,6,4.3478260869565215,132,212,14,37,161,2.3333333333333335,0.2803030303030303,1.3529411764705883
2019-08-27,2019-09-25,130,2,1.5384615384615385,128,182,5,66,111,2.5,0.515625,1.15625
2019-08-28,2019-09-26,129,2,1.550387596899225,127,177,5,64,108,2.5,0.5039370078740157,1.148936170212766
2019-08-29,2019-09-27,123,2,1.6260162601626016,121,169,4,58,107,2.0,0.4793388429752066,1.1505376344086022
2019-08-30,2019-09-28,135,4,2.962962962962963,131,184,6,47,131,1.5,0.35877862595419846,1.1801801801801801
2019-08-31,2019-09-29,134,4,2.985074626865672,130,185,6,46,133,1.5,0.35384615384615387,1.1981981981981982
2019-09-01,2019-09-30,141,4,2.8368794326241136,137,198,6,47,145,1.5,0.34306569343065696,1.228813559322034
2019-09-02,2019-10-01,142,4,2.816901408450704,138,199,6,45,148,1.5,0.32608695652173914,1.2333333333333334
2019-09-03,2019-10-02,146,4,2.73972602739726,142,201,6,43,152,1.5,0.3028169014084507,1.2258064516129032
2019-09-04,2019-10-03,139,4,2.8776978417266186,135,195,5,40,150,1.25,0.2962962962962963,1.293103448275862
2019-09-05,2019-10-04,116,4,3.4482758620689653,112,151,4,28,119,1.0,0.25,1.2934782608695652
2019-09-06,2019-10-05,106,5,4.716981132075472,101,142,3,25,114,0.6,0.24752475247524752,1.3255813953488371
2019-09-07,2019-10-06,108,5,4.62962962962963,103,147,3,29,115,0.6,0.2815533980582524,1.3372093023255813
2019-09-08,2019-10-07,108,5,4.62962962962963,103,147,3,30,114,0.6,0.2912621359223301,1.3255813953488371
2019-09-09,2019-10-08,103,5,4.854368932038835,98,141,4,30,107,0.8,0.30612244897959184,1.3209876543209877
2019-09-10,2019-10-09,93,6,6.451612903225806,87,125,4,25,96,0.6666666666666666,0.28735632183908044,1.3150684931506849
2019-09-11,2019-10-10,95,6,6.315789473684211,89,125,3,26,96,0.5,0.29213483146067415,1.2972972972972974
2019-09-12,2019-10-11,92,6,6.521739130434782,86,116,2,22,92,0.3333333333333333,0.2558139534883721,1.2777777777777777
2019-09-13,2019-10-12,95,8,8.421052631578947,87,120,5,13,102,0.625,0.14942528735632185,1.275
2019-09-14,2019-10-13,93,8,8.602150537634408,85,119,6,10,103,0.75,0.11764705882352941,1.2875
2019-09-15,2019-10-14,95,9,9.473684210526315,86,122,6,9,107,0.6666666666666666,0.10465116279069768,1.2738095238095237
2019-09-16,2019-10-15,90,8,8.88888888888889,82,115,5,12,98,0.625,0.14634146341463414,1.2564102564102564
2019-09-17,2019-10-16,91,8,8.791208791208792,83,116,5,12,99,0.625,0.14457831325301204,1.2531645569620253
2019-09-18,2019-10-17,90,6,6.666666666666667,84,113,5,21,87,0.8333333333333334,0.25,1.2253521126760563
2019-09-19,2019-10-18,90,8,8.88888888888889,82,111,5,11,95,0.625,0.13414634146341464,1.2337662337662338
2019-09-20,2019-10-19,92,6,6.521739130434782,86,114,5,22,87,0.8333333333333334,0.2558139534883721,1.2253521126760563
2019-09-21,2019-10-20,95,6,6.315789473684211,89,117,5,24,88,0.8333333333333334,0.2696629213483146,1.2222222222222223
2019-09-22,2019-10-21,95,6,6.315789473684211,89,118,5,23,90,0.8333333333333334,0.25842696629213485,1.2328767123287672
2019-09-23,2019-10-22,95,6,6.315789473684211,89,119,5,23,91,0.8333333333333334,0.25842696629213485,1.2465753424657535
2019-09-24,2019-10-23,105,7,6.666666666666667,98,139,7,21,111,1.0,0.21428571428571427,1.247191011235955
2019-09-25,2019-10-24,132,8,6.0606060606060606,124,176,9,16,151,1.125,0.12903225806451613,1.2796610169491525
2019-09-26,2019-10-25,142,7,4.929577464788732,135,193,9,20,164,1.2857142857142858,0.14814814814814814,1.3015873015873016
2019-09-27,2019-10-26,143,8,5.594405594405594,135,195,9,15,171,1.125,0.1111111111111111,1.3053435114503817
2019-09-28,2019-10-27,144,8,5.555555555555555,136,200,9,16,175,1.125,0.11764705882352941,1.3358778625954197
2019-09-29,2019-10-28,133,7,5.2631578947368425,126,183,9,14,160,1.2857142857142858,0.1111111111111111,1.3008130081300813
2019-09-30,2019-10-29,138,7,5.072463768115942,131,187,9,14,164,1.2857142857142858,0.10687022900763359,1.2913385826771653
2019-10-01,2019-10-30,131,7,5.343511450381679,124,176,9,10,157,1.2857142857142858,0.08064516129032258,1.2868852459016393
2019-10-02,2019-10-31,128,4,3.125,124,173,6,26,141,1.5,0.20967741935483872,1.2935779816513762
2019-10-03,2019-11-01,126,5,3.9682539682539684,121,167,6,21,140,1.2,0.17355371900826447,1.2727272727272727
2019-10-04,2019-11-02,120,6,5.0,114,162,7,15,140,1.1666666666666667,0.13157894736842105,1.2962962962962963
2019-10-05,2019-11-03,121,6,4.958677685950414,115,165,7,15,143,1.1666666666666667,0.13043478260869565,1.3
2019-10-06,2019-11-04,123,3,2.4390243902439024,120,160,3,30,127,1.0,0.25,1.2450980392156863
2019-10-07,2019-11-05,123,3,2.4390243902439024,120,161,3,28,130,1.0,0.23333333333333334,1.2621359223300972
2019-10-08,2019-11-06,131,4,3.053435114503817,127,174,4,22,148,1.0,0.1732283464566929,1.2982456140350878
2019-10-09,2019-11-07,132,5,3.787878787878788,127,180,6,16,158,1.2,0.12598425196850394,1.3166666666666667
2019-10-10,2019-11-08,152,5,3.289473684210526,147,231,6,16,209,1.2,0.10884353741496598,1.4822695035460993
2019-10-11,2019-11-09,150,5,3.3333333333333335,145,233,6,13,214,1.2,0.0896551724137931,1.5177304964539007
2019-10-12,2019-11-10,151,5,3.3112582781456954,146,234,6,13,215,1.2,0.08904109589041095,1.5140845070422535
2019-10-13,2019-11-11,145,3,2.0689655172413794,142,225,3,26,196,1.0,0.18309859154929578,1.5076923076923077
2019-10-14,2019-11-12,145,2,1.3793103448275863,143,224,2,35,187,1.0,0.24475524475524477,1.5080645161290323
2019-10-15,2019-11-13,143,2,1.3986013986013985,141,221,2,32,187,1.0,0.22695035460992907,1.5080645161290323
2019-10-16,2019-11-14,143,2,1.3986013986013985,141,221,2,32,187,1.0,0.22695035460992907,1.5080645161290323
2019-10-17,2019-11-15,144,2,1.3888888888888888,142,221,2,31,188,1.0,0.21830985915492956,1.504
2019-10-18,2019-11-16,149,2,1.342281879194631,147,230,2,31,197,1.0,0.2108843537414966,1.5153846153846153
2019-10-19,2019-11-17,149,2,1.342281879194631,147,230,2,32,196,1.0,0.21768707482993196,1.5193798449612403
2019-10-20,2019-11-18,147,2,1.3605442176870748,145,228,2,30,196,1.0,0.20689655172413793,1.53125
2019-10-21,2019-11-19,143,2,1.3986013986013985,141,225,2,27,196,1.0,0.19148936170212766,1.53125
2019-10-22,2019-11-20,144,3,2.0833333333333335,141,226,4,17,205,1.3333333333333333,0.12056737588652482,1.5185185185185186
2019-10-23,2019-11-21,145,2,1.3793103448275863,143,235,2,29,204,1.0,0.20279720279720279,1.59375
2019-10-24,2019-11-22,137,3,2.18978102189781,134,218,3,15,200,1.0,0.11194029850746269,1.5625
2019-10-25,2019-11-23,108,3,2.7777777777777777,105,180,3,15,162,1.0,0.14285714285714285,1.6363636363636365
2019-10-26,2019-11-24,99,2,2.0202020202020203,97,171,1,33,137,0.5,0.3402061855670103,1.670731707317073
2019-10-27,2019-11-25,98,1,1.0204081632653061,97,171,0,47,124,0.0,0.4845360824742268,1.7464788732394365
2019-10-28,2019-11-26,96,2,2.0833333333333335,94,166,1,30,135,0.5,0.3191489361702128,1.6666666666666667
2019-10-29,2019-11-27,97,2,2.0618556701030926,95,167,1,30,136,0.5,0.3157894736842105,1.6585365853658536
2019-10-30,2019-11-28,98,1,1.0204081632653061,97,167,0,48,119,0.0,0.4948453608247423,1.7246376811594204
2019-10-31,2019-11-29,98,2,2.0408163265306123,96,166,1,33,132,0.5,0.34375,1.65
2019-11-01,2019-11-30,97,1,1.0309278350515463,96,165,0,46,119,0.0,0.4791666666666667,1.7
2019-11-02,2019-12-01,97,1,1.0309278350515463,96,163,0,44,119,0.0,0.4583333333333333,1.7
2019-11-03,2019-12-02,98,2,2.0408163265306123,96,162,1,26,135,0.5,0.2708333333333333,1.646341463414634
2019-11-04,2019-12-03,98,2,2.0408163265306123,96,161,1,28,132,0.5,0.2916666666666667,1.6296296296296295
2019-11-05,2019-12-04,90,2,2.2222222222222223,88,146,1,27,118,0.5,0.3068181818181818,1.6388888888888888
2019-11-06,2019-12-05,85,4,4.705882352941177,81,139,8,8,123,2.0,0.09876543209876543,1.5769230769230769
2019-11-07,2019-12-06,83,1,1.2048192771084338,82,139,0,37,102,0.0,0.45121951219512196,1.7
2019-11-08,2019-12-07,79,1,1.2658227848101267,78,133,0,33,100,0.0,0.4230769230769231,1.7543859649122806
2019-11-09,2019-12-08,61,5,8.19672131147541,56,83,8,3,72,1.6,0.05357142857142857,1.263157894736842
2019-11-10,2019-12-09,59,5,8.474576271186441,54,80,8,3,69,1.6,0.05555555555555555,1.2545454545454546
2019-11-11,2019-12-10,58,5,8.620689655172415,53,79,8,3,68,1.6,0.05660377358490566,1.2592592592592593
2019-11-12,2019-12-11,58,5,8.620689655172415,53,79,8,3,68,1.6,0.05660377358490566,1.2592592592592593
2019-11-13,2019-12-12,58,5,8.620689655172415,53,78,8,3,67,1.6,0.05660377358490566,1.2407407407407407
2019-11-14,2019-12-13,61,1,1.639344262295082,60,81,0,32,49,0.0,0.5333333333333333,1.2894736842105263
2019-11-15,2019-12-14,61,1,1.639344262295082,60,81,0,32,49,0.0,0.5333333333333333,1.2894736842105263
2019-11-16,2019-12-15,61,1,1.639344262295082,60,82,0,34,48,0.0,0.5666666666666667,1.2972972972972974
2019-11-17,2019-12-16,55,3,5.454545454545454,52,74,6,16,52,2.0,0.3076923076923077,1.2380952380952381
2019-11-18,2019-12-17,54,2,3.7037037037037037,52,73,3,24,46,1.5,0.46153846153846156,1.2777777777777777
2019-11-19,2019-12-18,54,3,5.555555555555555,51,72,6,15,51,2.0,0.29411764705882354,1.2439024390243902
2019-11-20,2019-12-19,54,3,5.555555555555555,51,72,6,15,51,2.0,0.29411764705882354,1.2439024390243902
2019-11-21,2019-12-20,52,3,5.769230769230769,49,69,6,12,51,2.0,0.24489795918367346,1.2439024390243902
2019-11-22,2019-12-21,49,3,6.122448979591836,46,64,6,9,49,2.0,0.1956521739130435,1.1951219512195121
2019-11-23,2019-12-22,46,3,6.521739130434782,43,59,6,9,44,2.0,0.20930232558139536,1.1578947368421053
2019-11-24,2019-12-23,46,3,6.521739130434782,43,58,6,9,43,2.0,0.20930232558139536,1.131578947368421
2019-11-25,2019-12-24,41,1,2.4390243902439024,40,49,0,19,30,0.0,0.475,1.1538461538461537
2019-11-26,2019-12-25,40,1,2.5,39,47,0,17,30,0.0,0.4358974358974359,1.1538461538461537
2019-11-27,2019-12-26,40,1,2.5,39,47,0,17,30,0.0,0.4358974358974359,1.1538461538461537
2019-11-28,2019-12-27,40,1,2.5,39,46,0,17,29,0.0,0.4358974358974359,1.16
2019-11-29,2019-12-28,37,1,2.7027027027027026,36,42,0,12,30,0.0,0.3333333333333333,1.1538461538461537
2019-11-30,2019-12-29,38,1,2.6315789473684212,37,43,0,14,29,0.0,0.3783783783783784,1.16
2019-12-01,2019-12-30,36,1,2.7777777777777777,35,41,0,13,28,0.0,0.37142857142857144,1.1666666666666667
2019-12-02,2019-12-31,37,1,2.7027027027027026,36,42,0,14,28,0.0,0.3888888888888889,1.1666666666666667
2019-12-03,2020-01-01,36,1,2.7777777777777777,35,41,0,14,27,0.0,0.4,1.173913043478261
2019-12-04,2020-01-02,36,1,2.7777777777777777,35,41,0,14,27,0.0,0.4,1.173913043478261
2019-12-05,2020-01-03,36,1,2.7777777777777777,35,42,0,15,27,0.0,0.42857142857142855,1.173913043478261
2019-12-06,2020-01-04,36,1,2.7777777777777777,35,43,0,16,27,0.0,0.45714285714285713,1.173913043478261
2019-12-07,2020-01-05,25,1,4.0,24,28,0,14,14,0.0,0.5833333333333334,1.0
2019-12-08,2020-01-06,26,1,3.8461538461538463,25,30,0,17,13,0.0,0.68,1.0
2019-12-09,2020-01-07,34,2,5.882352941176471,32,44,1,24,19,0.5,0.75,1.0555555555555556
2019-12-10,2020-01-08,34,2,5.882352941176471,32,43,1,25,17,0.5,0.78125,1.0625
2019-12-11,2020-01-09,34,2,5.882352941176471,32,45,1,27,17,0.5,0.84375,1.0625
2019-12-12,2020-01-10,35,2,5.714285714285714,33,46,1,28,17,0.5,0.8484848484848485,1.0625
2019-12-13,2020-01-11,35,2,5.714285714285714,33,46,1,28,17,0.5,0.8484848484848485,1.0625
2019-12-14,2020-01-12,32,2,6.25,30,43,1,27,15,0.5,0.9,1.0714285714285714
2019-12-15,2020-01-13,35,4,11.428571428571429,31,47,2,18,27,0.5,0.5806451612903226,1.0384615384615385
2019-12-16,2020-01-14,42,6,14.285714285714286,36,53,2,10,41,0.3333333333333333,0.2777777777777778,1.1388888888888888
2019-12-17,2020-01-15,42,6,14.285714285714286,36,53,3,9,41,0.5,0.25,1.1388888888888888
2019-12-18,2020-01-16,44,6,13.636363636363637,38,57,3,9,45,0.5,0.23684210526315788,1.1842105263157894
2019-12-19,2020-01-17,46,6,13.043478260869565,40,59,3,9,47,0.5,0.225,1.175
2019-12-20,2020-01-18,47,5,10.638297872340425,42,62,4,15,43,0.8,0.35714285714285715,1.075
2019-12-21,2020-01-19,52,7,13.461538461538462,45,67,5,9,53,0.7142857142857143,0.2,1.1521739130434783
2019-12-22,2020-01-20,52,7,13.461538461538462,45,65,5,9,51,0.7142857142857143,0.2,1.108695652173913
2019-12-23,2020-01-21,61,7,11.475409836065573,54,77,4,18,55,0.5714285714285714,0.3333333333333333,1.0784313725490196
2019-12-24,2020-01-22,62,9,14.516129032258064,53,78,7,9,62,0.7777777777777778,0.16981132075471697,1.1071428571428572
2019-12-25,2020-01-23,62,9,14.516129032258064,53,81,7,9,65,0.7777777777777778,0.16981132075471697,1.1607142857142858
2019-12-26,2020-01-24,63,9,14.285714285714286,54,84,7,9,68,0.7777777777777778,0.16666666666666666,1.1929824561403508
2019-12-27,2020-01-25,63,9,14.285714285714286,54,84,7,9,68,0.7777777777777778,0.16666666666666666,1.1929824561403508
2019-12-28,2020-01-26,63,9,14.285714285714286,54,84,7,9,68,0.7777777777777778,0.16666666666666666,1.1929824561403508
2019-12-29,2020-01-27,62,8,12.903225806451612,54,82,5,10,67,0.625,0.18518518518518517,1.2181818181818183
2019-12-30,2020-01-28,63,8,12.698412698412698,55,83,4,10,69,0.5,0.18181818181818182,1.2321428571428572
2019-12-31,2020-01-29,63,8,12.698412698412698,55,83,4,10,69,0.5,0.18181818181818182,1.2321428571428572
2020-01-01,2020-01-30,62,8,12.903225806451612,54,82,4,10,68,0.5,0.18518518518518517,1.2363636363636363
2020-01-02,2020-01-31,62,7,11.290322580645162,55,79,4,10,65,0.5714285714285714,0.18181818181818182,1.2264150943396226
2020-01-03,2020-02-01,62,7,11.290322580645162,55,77,4,8,65,0.5714285714285714,0.14545454545454545,1.2264150943396226
2020-01-04,2020-02-02,61,7,11.475409836065573,54,76,4,7,65,0.5714285714285714,0.12962962962962962,1.2264150943396226
2020-01-05,2020-02-03,62,7,11.290322580645162,55,76,4,7,65,0.5714285714285714,0.12727272727272726,1.2264150943396226
2020-01-06,2020-02-04,63,7,11.11111111111111,56,77,4,7,66,0.5714285714285714,0.125,1.2222222222222223
2020-01-07,2020-02-05,63,7,11.11111111111111,56,81,5,4,72,0.7142857142857143,0.07142857142857142,1.2413793103448276
2020-01-08,2020-02-06,55,5,9.090909090909092,50,66,0,8,58,0.0,0.16,1.183673469387755
2020-01-09,2020-02-07,57,6,10.526315789473685,51,69,3,5,61,0.5,0.09803921568627451,1.1730769230769231
2020-01-10,2020-02-08,58,6,10.344827586206897,52,69,3,5,61,0.5,0.09615384615384616,1.150943396226415
2020-01-11,2020-02-09,57,6,10.526315789473685,51,69,3,6,60,0.5,0.11764705882352941,1.1538461538461537
2020-01-12,2020-02-10,57,6,10.526315789473685,51,69,3,6,60,0.5,0.11764705882352941,1.1538461538461537
2020-01-13,2020-02-11,57,6,10.526315789473685,51,69,3,6,60,0.5,0.11764705882352941,1.1538461538461537
2020-01-14,2020-02-12,55,6,10.909090909090908,49,65,3,5,57,0.5,0.10204081632653061,1.14
2020-01-15,2020-02-13,49,6,12.244897959183673,43,57,3,5,49,0.5,0.11627906976744186,1.1136363636363635
2020-01-16,2020-02-14,49,6,12.244897959183673,43,56,3,5,48,0.5,0.11627906976744186,1.1162790697674418
2020-01-17,2020-02-15,48,6,12.5,42,52,3,5,44,0.5,0.11904761904761904,1.0731707317073171
2020-01-18,2020-02-16,46,6,13.043478260869565,40,50,3,5,42,0.5,0.125,1.0769230769230769
2020-01-19,2020-02-17,44,6,13.636363636363637,38,47,3,5,39,0.5,0.13157894736842105,1.054054054054054
2020-01-20,2020-02-18,38,6,15.789473684210526,32,42,3,4,35,0.5,0.125,1.0606060606060606
2020-01-21,2020-02-19,43,6,13.953488372093023,37,48,3,4,41,0.5,0.10810810810810811,1.0512820512820513
2020-01-22,2020-02-20,36,3,8.333333333333334,33,36,1,13,22,0.3333333333333333,0.3939393939393939,0.9565217391304348
2020-01-23,2020-02-21,41,4,9.75609756097561,37,52,13,12,27,3.25,0.32432432432432434,0.9310344827586207
2020-01-24,2020-02-22,39,4,10.256410256410257,35,49,13,10,26,3.25,0.2857142857142857,0.9285714285714286
2020-01-25,2020-02-23,38,4,10.526315789473685,34,50,14,8,28,3.5,0.23529411764705882,0.9333333333333333
2020-01-26,2020-02-24,39,4,10.256410256410257,35,51,14,9,28,3.5,0.2571428571428571,0.9333333333333333
2020-01-27,2020-02-25,43,4,9.30232558139535,39,56,15,9,32,3.75,0.23076923076923078,0.9411764705882353
2020-01-28,2020-02-26,46,4,8.695652173913043,42,59,15,9,35,3.75,0.21428571428571427,0.9459459459459459
2020-01-29,2020-02-27,49,3,6.122448979591836,46,66,15,11,40,5.0,0.2391304347826087,1.0256410256410255
2020-01-30,2020-02-28,49,3,6.122448979591836,46,66,15,11,40,5.0,0.2391304347826087,1.0256410256410255
2020-01-31,2020-02-29,50,3,6.0,47,69,15,12,42,5.0,0.2553191489361702,1.05
2020-02-01,2020-03-01,52,3,5.769230769230769,49,71,15,13,43,5.0,0.2653061224489796,1.048780487804878
2020-02-02,2020-03-02,55,3,5.454545454545454,52,75,15,17,43,5.0,0.3269230769230769,1.048780487804878
2020-02-03,2020-03-03,55,3,5.454545454545454,52,75,15,17,43,5.0,0.3269230769230769,1.048780487804878
2020-02-04,2020-03-04,53,3,5.660377358490566,50,74,15,16,43,5.0,0.32,1.048780487804878
2020-02-05,2020-03-05,53,3,5.660377358490566,50,73,15,15,43,5.0,0.3,1.048780487804878
2020-02-06,2020-03-06,48,2,4.166666666666667,46,66,8,17,41,4.0,0.3695652173913043,1.1714285714285715
2020-02-07,2020-03-07,52,2,3.8461538461538463,50,73,8,23,42,4.0,0.46,1.2
2020-02-08,2020-03-08,57,4,7.017543859649122,53,82,11,13,58,2.75,0.24528301886792453,1.183673469387755
2020-02-09,2020-03-09,61,4,6.557377049180328,57,88,12,12,64,3.0,0.21052631578947367,1.1851851851851851
2020-02-10,2020-03-10,61,4,6.557377049180328,57,87,12,11,64,3.0,0.19298245614035087,1.1851851851851851
2020-02-11,2020-03-11,67,4,5.970149253731344,63,93,13,13,67,3.25,0.20634920634920634,1.1754385964912282
2020-02-12,2020-03-12,72,4,5.555555555555555,68,100,13,14,73,3.25,0.20588235294117646,1.2166666666666666
2020-02-13,2020-03-13,72,4,5.555555555555555,68,100,13,14,73,3.25,0.20588235294117646,1.2166666666666666
2020-02-14,2020-03-14,74,4,5.405405405405405,70,102,13,16,73,3.25,0.22857142857142856,1.2166666666666666
2020-02-15,2020-03-15,83,5,6.024096385542169,78,113,14,20,79,2.8,0.2564102564102564,1.2153846153846153
2020-02-16,2020-03-16,84,5,5.9523809523809526,79,115,14,20,81,2.8,0.25316455696202533,1.2272727272727273
2020-02-17,2020-03-17,85,5,5.882352941176471,80,117,14,20,83,2.8,0.25,1.2388059701492538
2020-02-18,2020-03-18,87,5,5.747126436781609,82,119,14,22,83,2.8,0.2682926829268293,1.2388059701492538
2020-02-19,2020-03-19,87,5,5.747126436781609,82,119,14,22,83,2.8,0.2682926829268293,1.2388059701492538
2020-02-20,2020-03-20,80,5,6.25,75,110,14,22,74,2.8,0.29333333333333333,1.2333333333333334
2020-02-21,2020-03-21,80,5,6.25,75,110,14,23,73,2.8,0.30666666666666664,1.2372881355932204
2020-02-22,2020-03-22,75,5,6.666666666666667,70,93,7,23,63,1.4,0.32857142857142857,1.1886792452830188
2020-02-23,2020-03-23,75,5,6.666666666666667,70,93,7,23,63,1.4,0.32857142857142857,1.1886792452830188
2020-02-24,2020-03-24,76,4,5.2631578947368425,72,95,6,31,58,1.5,0.4305555555555556,1.183673469387755
2020-02-25,2020-03-25,76,4,5.2631578947368425,72,94,6,30,58,1.5,0.4166666666666667,1.183673469387755
2020-02-26,2020-03-26,73,4,5.47945205479452,69,89,6,26,57,1.5,0.37681159420289856,1.163265306122449
2020-02-27,2020-03-27,72,4,5.555555555555555,68,86,6,26,54,1.5,0.38235294117647056,1.125
2020-02-28,2020-03-28,64,3,4.6875,61,76,6,27,43,2.0,0.4426229508196721,1.131578947368421
2020-02-29,2020-03-29,69,4,5.797101449275362,65,82,6,25,51,1.5,0.38461538461538464,1.1333333333333333
2020-03-01,2020-03-30,70,4,5.714285714285714,66,82,7,23,52,1.75,0.3484848484848485,1.1063829787234043
2020-03-02,2020-03-31,69,4,5.797101449275362,65,81,7,23,51,1.75,0.35384615384615387,1.108695652173913
2020-03-03,2020-04-01,68,4,5.882352941176471,64,79,7,20,52,1.75,0.3125,1.1063829787234043
2020-03-04,2020-04-02,69,6,8.695652173913043,63,81,9,10,62,1.5,0.15873015873015872,1.1071428571428572
2020-03-05,2020-04-03,69,6,8.695652173913043,63,81,9,10,62,1.5,0.15873015873015872,1.1071428571428572
2020-03-06,2020-04-04,69,6,8.695652173913043,63,81,9,10,62,1.5,0.15873015873015872,1.1071428571428572
2020-03-07,2020-04-05,76,4,5.2631578947368425,72,89,7,20,62,1.75,0.2777777777777778,1.1272727272727272
2020-03-08,2020-04-06,72,4,5.555555555555555,68,82,5,19,58,1.25,0.27941176470588236,1.1153846153846154
2020-03-09,2020-04-07,63,4,6.349206349206349,59,69,5,15,49,1.25,0.2542372881355932,1.1136363636363635
2020-03-10,2020-04-08,56,5,8.928571428571429,51,61,4,8,49,0.8,0.1568627450980392,1.065217391304348
2020-03-11,2020-04-09,56,5,8.928571428571429,51,62,4,8,50,0.8,0.1568627450980392,1.0869565217391304
2020-03-12,2020-04-10,51,2,3.9215686274509802,49,56,0,23,33,0.0,0.46938775510204084,1.1
2020-03-13,2020-04-11,47,3,6.382978723404255,44,50,1,9,40,0.3333333333333333,0.20454545454545456,1.1111111111111112
2020-03-14,2020-04-12,47,3,6.382978723404255,44,50,1,9,40,0.3333333333333333,0.20454545454545456,1.1111111111111112
2020-03-15,2020-04-13,45,4,8.88888888888889,41,48,1,5,42,0.25,0.12195121951219512,1.0769230769230769
2020-03-16,2020-04-14,37,3,8.108108108108109,34,38,1,4,33,0.3333333333333333,0.11764705882352941,1.064516129032258
2020-03-17,2020-04-15,35,1,2.857142857142857,34,36,0,15,21,0.0,0.4411764705882353,1.105263157894737
2020-03-18,2020-04-16,36,1,2.7777777777777777,35,36,0,14,22,0.0,0.4,1.1
2020-03-19,2020-04-17,34,1,2.9411764705882355,33,34,0,12,22,0.0,0.36363636363636365,1.1
2020-03-20,2020-04-18,36,1,2.7777777777777777,35,35,0,13,22,0.0,0.37142857142857144,1.1
2020-03-21,2020-04-19,36,1,2.7777777777777777,35,36,0,14,22,0.0,0.4,1.1
2020-03-22,2020-04-20,34,1,2.9411764705882355,33,35,0,13,22,0.0,0.3939393939393939,1.1
2020-03-23,2020-04-21,39,1,2.5641025641025643,38,43,0,21,22,0.0,0.5526315789473685,1.1
2020-03-24,2020-04-22,40,1,2.5,39,46,0,23,23,0.0,0.5897435897435898,1.0952380952380953
2020-03-25,2020-04-23,36,1,2.7777777777777777,35,40,0,17,23,0.0,0.4857142857142857,1.0952380952380953
2020-03-26,2020-04-24,36,1,2.7777777777777777,35,40,0,17,23,0.0,0.4857142857142857,1.0952380952380953
2020-03-27,2020-04-25,37,1,2.7027027027027026,36,41,0,18,23,0.0,0.5,1.0952380952380953
2020-03-28,2020-04-26,38,2,5.2631578947368425,36,43,3,9,31,1.5,0.25,1.1071428571428572
2020-03-29,2020-04-27,38,2,5.2631578947368425,36,43,3,9,31,1.5,0.25,1.1071428571428572
2020-03-30,2020-04-28,34,2,5.882352941176471,32,38,3,9,26,1.5,0.28125,1.0833333333333333
2020-03-31,2020-04-29,32,2,6.25,30,35,3,9,23,1.5,0.3,1.0454545454545454
2020-04-01,2020-04-30,32,2,6.25,30,34,3,8,23,1.5,0.26666666666666666,1.0454545454545454
2020-04-02,2020-05-01,29,2,6.896551724137931,27,32,3,6,23,1.5,0.2222222222222222,1.0454545454545454
2020-04-03,2020-05-02,29,2,6.896551724137931,27,31,3,6,22,1.5,0.2222222222222222,1.0
2020-04-04,2020-05-03,29,2,6.896551724137931,27,31,3,6,22,1.5,0.2222222222222222,1.0
2020-04-05,2020-05-04,31,2,6.451612903225806,29,32,3,7,22,1.5,0.2413793103448276,1.0
2020-04-06,2020-05-05,25,1,4.0,24,25,3,12,10,3.0,0.5,1.1111111111111112
2020-04-07,2020-05-06,25,1,4.0,24,25,3,12,10,3.0,0.5,1.1111111111111112
2020-04-08,2020-05-07,25,1,4.0,24,25,3,12,10,3.0,0.5,1.1111111111111112
2020-04-09,2020-05-08,25,1,4.0,24,25,3,12,10,3.0,0.5,1.1111111111111112
2020-04-10,2020-05-09,25,1,4.0,24,24,3,11,10,3.0,0.4583333333333333,1.1111111111111112
2020-04-11,2020-05-10,25,1,4.0,24,24,3,11,10,3.0,0.4583333333333333,1.1111111111111112
2020-04-12,2020-05-11,24,1,4.166666666666667,23,23,3,10,10,3.0,0.43478260869565216,1.1111111111111112
2020-04-13,2020-05-12,24,1,4.166666666666667,23,23,3,10,10,3.0,0.43478260869565216,1.1111111111111112
2020-04-14,2020-05-13,24,1,4.166666666666667,23,23,3,10,10,3.0,0.43478260869565216,1.1111111111111112
2020-04-15,2020-05-14,23,1,4.3478260869565215,22,22,3,9,10,3.0,0.4090909090909091,1.1111111111111112
2020-04-16,2020-05-15,23,1,4.3478260869565215,22,22,3,9,10,3.0,0.4090909090909091,1.1111111111111112
2020-04-17,2020-05-16,20,1,5.0,19,22,3,9,10,3.0,0.47368421052631576,1.1111111111111112
2020-04-18,2020-05-17,20,1,5.0,19,22,3,9,10,3.0,0.47368421052631576,1.1111111111111112
2020-04-19,2020-05-18,23,1,4.3478260869565215,22,24,3,10,11,3.0,0.45454545454545453,1.1
2020-04-20,2020-05-19,22,1,4.545454545454546,21,23,3,9,11,3.0,0.42857142857142855,1.1
2020-04-21,2020-05-20,24,1,4.166666666666667,23,25,3,11,11,3.0,0.4782608695652174,1.1
2020-04-22,2020-05-21,23,2,8.695652173913043,21,20,1,6,13,0.5,0.2857142857142857,0.9285714285714286
2020-04-23,2020-05-22,20,2,10.0,18,17,1,4,12,0.5,0.2222222222222222,0.9230769230769231
2020-04-24,2020-05-23,22,2,9.090909090909092,20,19,1,4,14,0.5,0.2,0.9333333333333333
2020-04-25,2020-05-24,23,2,8.695652173913043,21,20,1,5,14,0.5,0.23809523809523808,0.9333333333333333
2020-04-26,2020-05-25,22,2,9.090909090909092,20,19,1,5,13,0.5,0.25,0.9285714285714286
2020-04-27,2020-05-26,20,1,5.0,19,17,1,8,8,1.0,0.42105263157894735,1.0
2020-04-28,2020-05-27,21,1,4.761904761904762,20,19,1,9,9,1.0,0.45,1.0
2020-04-29,2020-05-28,20,1,5.0,19,18,1,8,9,1.0,0.42105263157894735,1.0
2020-04-30,2020-05-29,21,1,4.761904761904762,20,19,1,9,9,1.0,0.45,1.0
2020-05-01,2020-05-30,22,1,4.545454545454546,21,20,1,10,9,1.0,0.47619047619047616,1.0
2020-05-02,2020-05-31,22,1,4.545454545454546,21,20,1,10,9,1.0,0.47619047619047616,1.0
2020-05-03,2020-06-01,26,2,7.6923076923076925,24,24,1,9,14,0.5,0.375,1.0
2020-05-04,2020-06-02,26,2,7.6923076923076925,24,25,1,9,15,0.5,0.375,1.0
2020-05-05,2020-06-03,24,2,8.333333333333334,22,24,1,8,15,0.5,0.36363636363636365,1.0
2020-05-06,2020-06-04,38,1,2.6315789473684212,37,43,2,13,28,2.0,0.35135135135135137,1.12
2020-05-07,2020-06-05,45,1,2.2222222222222223,44,52,2,13,37,2.0,0.29545454545454547,1.121212121212121
2020-05-08,2020-06-06,46,1,2.1739130434782608,45,53,2,13,38,2.0,0.28888888888888886,1.1176470588235294
2020-05-09,2020-06-07,46,1,2.1739130434782608,45,53,2,13,38,2.0,0.28888888888888886,1.1176470588235294
2020-05-10,2020-06-08,46,1,2.1739130434782608,45,53,2,13,38,2.0,0.28888888888888886,1.1176470588235294
2020-05-11,2020-06-09,50,1,2.0,49,59,2,14,43,2.0,0.2857142857142857,1.131578947368421
2020-05-12,2020-06-10,52,1,1.9230769230769231,51,64,3,14,47,3.0,0.27450980392156865,1.175
2020-05-13,2020-06-11,57,1,1.7543859649122806,56,71,3,14,54,3.0,0.25,1.2
2020-05-14,2020-06-12,57,1,1.7543859649122806,56,74,3,14,57,3.0,0.25,1.2391304347826086
2020-05-15,2020-06-13,67,1,1.492537313432836,66,87,3,14,70,3.0,0.21212121212121213,1.25
2020-05-16,2020-06-14,67,1,1.492537313432836,66,91,3,14,74,3.0,0.21212121212121213,1.3214285714285714
2020-05-17,2020-06-15,67,1,1.492537313432836,66,89,2,14,73,2.0,0.21212121212121213,1.3272727272727274
2020-05-18,2020-06-16,67,1,1.492537313432836,66,89,2,14,73,2.0,0.21212121212121213,1.3272727272727274
2020-05-19,2020-06-17,65,1,1.5384615384615385,64,87,2,12,73,2.0,0.1875,1.3272727272727274
2020-05-20,2020-06-18,65,1,1.5384615384615385,64,87,2,12,73,2.0,0.1875,1.3272727272727274
2020-05-21,2020-06-19,65,1,1.5384615384615385,64,85,2,12,71,2.0,0.1875,1.290909090909091
2020-05-22,2020-06-20,65,1,1.5384615384615385,64,84,2,14,68,2.0,0.21875,1.2363636363636363
2020-05-23,2020-06-21,65,1,1.5384615384615385,64,84,2,14,68,2.0,0.21875,1.2363636363636363
2020-05-24,2020-06-22,65,1,1.5384615384615385,64,82,2,14,66,2.0,0.21875,1.2222222222222223
2020-05-25,2020-06-23,64,1,1.5625,63,81,2,13,66,2.0,0.20634920634920634,1.2222222222222223
2020-05-26,2020-06-24,66,1,1.5151515151515151,65,84,2,14,68,2.0,0.2153846153846154,1.2592592592592593
2020-05-27,2020-06-25,66,1,1.5151515151515151,65,84,2,14,68,2.0,0.2153846153846154,1.2592592592592593
2020-05-28,2020-06-26,65,1,1.5384615384615385,64,82,2,13,67,2.0,0.203125,1.2641509433962264
2020-05-29,2020-06-27,65,1,1.5384615384615385,64,82,2,13,67,2.0,0.203125,1.2641509433962264
2020-05-30,2020-06-28,63,1,1.5873015873015872,62,81,2,12,67,2.0,0.1935483870967742,1.2641509433962264
2020-05-31,2020-06-29,64,1,1.5625,63,81,2,11,68,2.0,0.1746031746031746,1.2592592592592593
2020-06-01,2020-06-30,64,1,1.5625,63,81,2,11,68,2.0,0.1746031746031746,1.2592592592592593
2020-06-02,2020-07-01,59,1,1.694915254237288,58,76,2,6,68,2.0,0.10344827586206896,1.2592592592592593
2020-06-03,2020-07-02,61,1,1.639344262295082,60,81,2,8,71,2.0,0.13333333333333333,1.2678571428571428
2020-06-04,2020-07-03,67,1,1.492537313432836,66,95,2,22,71,2.0,0.3333333333333333,1.2678571428571428
2020-06-05,2020-07-04,51,1,1.9607843137254901,50,78,1,25,52,1.0,0.5,1.3
2020-06-06,2020-07-05,45,1,2.2222222222222223,44,73,1,26,46,1.0,0.5909090909090909,1.3529411764705883
2020-06-07,2020-07-06,44,1,2.272727272727273,43,72,1,26,45,1.0,0.6046511627906976,1.3636363636363635
2020-06-08,2020-07-07,44,1,2.272727272727273,43,72,1,26,45,1.0,0.6046511627906976,1.3636363636363635
2020-06-09,2020-07-08,44,1,2.272727272727273,43,72,1,26,45,1.0,0.6046511627906976,1.3636363636363635
2020-06-10,2020-07-09,39,2,5.128205128205129,37,66,5,9,52,2.5,0.24324324324324326,1.5294117647058822
2020-06-11,2020-07-10,36,2,5.555555555555555,34,61,4,9,48,2.0,0.2647058823529412,1.5483870967741935
2020-06-12,2020-07-11,31,2,6.451612903225806,29,54,4,9,41,2.0,0.3103448275862069,1.5769230769230769
2020-06-13,2020-07-12,67,1,1.492537313432836,66,99,0,25,74,0.0,0.3787878787878788,1.3214285714285714
2020-06-14,2020-07-13,62,1,1.6129032258064515,61,91,0,25,66,0.0,0.4098360655737705,1.2941176470588236
2020-06-15,2020-07-14,59,1,1.694915254237288,58,89,0,25,64,0.0,0.43103448275862066,1.3333333333333333
2020-06-16,2020-07-15,59,1,1.694915254237288,58,91,0,25,66,0.0,0.43103448275862066,1.375
2020-06-17,2020-07-16,59,1,1.694915254237288,58,91,0,25,66,0.0,0.43103448275862066,1.375
2020-06-18,2020-07-17,58,1,1.7241379310344827,57,90,0,24,66,0.0,0.42105263157894735,1.375
2020-06-19,2020-07-18,58,1,1.7241379310344827,57,90,0,24,66,0.0,0.42105263157894735,1.375
2020-06-20,2020-07-19,58,1,1.7241379310344827,57,90,0,24,66,0.0,0.42105263157894735,1.375
2020-06-21,2020-07-20,57,2,3.508771929824561,55,88,4,6,78,2.0,0.10909090909090909,1.4444444444444444
2020-06-22,2020-07-21,57,2,3.508771929824561,55,88,4,6,78,2.0,0.10909090909090909,1.4444444444444444
2020-06-23,2020-07-22,57,2,3.508771929824561,55,88,4,6,78,2.0,0.10909090909090909,1.4444444444444444
2020-06-24,2020-07-23,57,2,3.508771929824561,55,88,4,6,78,2.0,0.10909090909090909,1.4444444444444444
2020-06-25,2020-07-24,56,2,3.5714285714285716,54,85,4,5,76,2.0,0.09259259259259259,1.4074074074074074
2020-06-26,2020-07-25,56,2,3.5714285714285716,54,85,4,5,76,2.0,0.09259259259259259,1.4074074074074074
2020-06-27,2020-07-26,56,2,3.5714285714285716,54,85,4,5,76,2.0,0.09259259259259259,1.4074074074074074
2020-06-28,2020-07-27,56,2,3.5714285714285716,54,85,4,5,76,2.0,0.09259259259259259,1.4074074074074074
2020-06-29,2020-07-28,56,2,3.5714285714285716,54,85,4,5,76,2.0,0.09259259259259259,1.4074074074074074
2020-06-30,2020-07-29,55,1,1.8181818181818181,54,84,0,21,63,0.0,0.3888888888888889,1.3404255319148937
2020-07-01,2020-07-30,55,1,1.8181818181818181,54,84,0,21,63,0.0,0.3888888888888889,1.3404255319148937
2020-07-02,2020-07-31,55,1,1.8181818181818181,54,84,0,21,63,0.0,0.3888888888888889,1.3404255319148937
2020-07-03,2020-08-01,53,2,3.7735849056603774,51,80,4,2,74,2.0,0.0392156862745098,1.4230769230769231
2020-07-04,2020-08-02,47,1,2.127659574468085,46,66,0,4,62,0.0,0.08695652173913043,1.3777777777777778
2020-07-05,2020-08-03,46,1,2.1739130434782608,45,63,0,1,62,0.0,0.022222222222222223,1.3777777777777778
2020-07-06,2020-08-04,44,1,2.272727272727273,43,59,0,0,59,0.0,0.0,1.3409090909090908
2020-07-07,2020-08-05,44,1,2.272727272727273,43,59,0,0,59,0.0,0.0,1.3409090909090908
2020-07-08,2020-08-06,48,1,2.0833333333333335,47,62,0,3,59,0.0,0.06382978723404255,1.3409090909090908
2020-07-09,2020-08-07,49,1,2.0408163265306123,48,64,0,5,59,0.0,0.10416666666666667,1.3409090909090908
2020-07-10,2020-08-08,49,1,2.0408163265306123,48,64,0,5,59,0.0,0.10416666666666667,1.3409090909090908
2020-07-11,2020-08-09,51,1,1.9607843137254901,50,66,0,6,60,0.0,0.12,1.3333333333333333
2020-07-12,2020-08-10,51,1,1.9607843137254901,50,66,0,6,60,0.0,0.12,1.3333333333333333
2020-07-13,2020-08-11,15,2,13.333333333333334,13,18,0,0,18,0.0,0.0,1.2
2020-07-14,2020-08-12,11,2,18.181818181818183,9,13,0,0,13,0.0,0.0,1.1818181818181819
2020-07-15,2020-08-13,11,2,18.181818181818183,9,11,0,0,11,0.0,0.0,1.0
2020-07-16,2020-08-14,16,3,18.75,13,16,0,0,16,0.0,0.0,1.0
2020-07-17,2020-08-15,16,3,18.75,13,16,0,0,16,0.0,0.0,1.0
2020-07-18,2020-08-16,16,3,18.75,13,16,0,0,16,0.0,0.0,1.0
2020-07-19,2020-08-17,16,3,18.75,13,16,0,0,16,0.0,0.0,1.0
2020-07-20,2020-08-18,17,3,17.647058823529413,14,17,0,0,17,0.0,0.0,1.0
2020-07-21,2020-08-19,17,3,17.647058823529413,14,17,0,0,17,0.0,0.0,1.0
2020-07-22,2020-08-20,18,3,16.666666666666668,15,18,0,0,18,0.0,0.0,1.0
2020-07-23,2020-08-21,18,3,16.666666666666668,15,18,0,0,18,0.0,0.0,1.0
2020-07-24,2020-08-22,18,3,16.666666666666668,15,19,0,0,19,0.0,0.0,1.0555555555555556
2020-07-25,2020-08-23,18,3,16.666666666666668,15,19,0,0,19,0.0,0.0,1.0555555555555556
2020-07-26,2020-08-24,18,3,16.666666666666668,15,19,0,0,19,0.0,0.0,1.0555555555555556
2020-07-27,2020-08-25,19,3,15.789473684210526,16,20,0,0,20,0.0,0.0,1.0526315789473684
2020-07-28,2020-08-26,19,3,15.789473684210526,16,20,0,0,20,0.0,0.0,1.0526315789473684
2020-07-29,2020-08-27,19,3,15.789473684210526,16,20,0,0,20,0.0,0.0,1.0526315789473684
2020-07-30,2020-08-28,19,3,15.789473684210526,16,20,0,0,20,0.0,0.0,1.0526315789473684
2020-07-31,2020-08-29,19,3,15.789473684210526,16,20,0,0,20,0.0,0.0,1.0526315789473684
2020-08-01,2020-08-30,21,3,14.285714285714286,18,21,0,1,20,0.0,0.05555555555555555,1.0526315789473684
2020-08-02,2020-08-31,21,2,9.523809523809524,19,19,0,4,15,0.0,0.21052631578947367,0.9375
2020-08-03,2020-09-01,21,2,9.523809523809524,19,19,0,4,15,0.0,0.21052631578947367,0.9375
2020-08-04,2020-09-02,22,2,9.090909090909092,20,20,0,5,15,0.0,0.25,0.9375
2020-08-05,2020-09-03,22,2,9.090909090909092,20,20,0,5,15,0.0,0.25,0.9375
2020-08-06,2020-09-04,22,2,9.090909090909092,20,20,0,5,15,0.0,0.25,0.9375
2020-08-07,2020-09-05,19,2,10.526315789473685,17,17,0,5,12,0.0,0.29411764705882354,0.9230769230769231
2020-08-08,2020-09-06,17,2,11.764705882352942,15,15,0,5,10,0.0,0.3333333333333333,0.9090909090909091
2020-08-09,2020-09-07,17,2,11.764705882352942,15,15,0,5,10,0.0,0.3333333333333333,0.9090909090909091
2020-08-10,2020-09-08,15,1,6.666666666666667,14,13,0,6,7,0.0,0.42857142857142855,1.0
2020-08-11,2020-09-09,15,1,6.666666666666667,14,13,0,6,7,0.0,0.42857142857142855,1.0
2020-08-12,2020-09-10,15,1,6.666666666666667,14,13,0,6,7,0.0,0.42857142857142855,1.0
2020-08-13,2020-09-11,15,1,6.666666666666667,14,13,0,6,7,0.0,0.42857142857142855,1.0
2020-08-14,2020-09-12,16,1,6.25,15,14,0,7,7,0.0,0.4666666666666667,1.0
2020-08-15,2020-09-13,11,0,0.0,11,7,0,7,0,0.0,0.6363636363636364,0.0
2020-08-16,2020-09-14,11,0,0.0,11,7,0,7,0,0.0,0.6363636363636364,0.0
2020-08-17,2020-09-15,11,0,0.0,11,7,0,7,0,0.0,0.6363636363636364,0.0
2020-08-18,2020-09-16,11,0,0.0,11,7,0,7,0,0.0,0.6363636363636364,0.0
2020-08-19,2020-09-17,10,0,0.0,10,6,0,6,0,0.0,0.6,0.0
2020-08-20,2020-09-18,15,1,6.666666666666667,14,10,0,6,4,0.0,0.42857142857142855,0.8
2020-08-21,2020-09-19,13,1,7.6923076923076925,12,9,0,5,4,0.0,0.4166666666666667,0.8
2020-08-22,2020-09-20,13,1,7.6923076923076925,12,9,0,5,4,0.0,0.4166666666666667,0.8
2020-08-23,2020-09-21,12,1,8.333333333333334,11,8,0,4,4,0.0,0.36363636363636365,0.8
2020-08-24,2020-09-22,25,1,4.0,24,23,0,7,16,0.0,0.2916666666666667,1.0666666666666667
2020-08-25,2020-09-23,25,1,4.0,24,23,0,7,16,0.0,0.2916666666666667,1.0666666666666667
2020-08-26,2020-09-24,24,1,4.166666666666667,23,23,0,6,17,0.0,0.2608695652173913,1.0625
2020-08-27,2020-09-25,24,1,4.166666666666667,23,23,0,6,17,0.0,0.2608695652173913,1.0625
2020-08-28,2020-09-26,24,1,4.166666666666667,23,23,0,6,17,0.0,0.2608695652173913,1.0625
2020-08-29,2020-09-27,24,1,4.166666666666667,23,23,0,6,17,0.0,0.2608695652173913,1.0625
2020-08-30,2020-09-28,24,1,4.166666666666667,23,23,0,6,17,0.0,0.2608695652173913,1.0625
2020-08-31,2020-09-29,23,1,4.3478260869565215,22,22,0,5,17,0.0,0.22727272727272727,1.0625
2020-09-01,2020-09-30,23,1,4.3478260869565215,22,22,0,5,17,0.0,0.22727272727272727,1.0625
2020-09-02,2020-10-01,23,1,4.3478260869565215,22,22,0,5,17,0.0,0.22727272727272727,1.0625
2020-09-03,2020-10-02,23,2,8.695652173913043,21,23,0,0,23,0.0,0.0,1.0
2020-09-04,2020-10-03,23,2,8.695652173913043,21,23,0,0,23,0.0,0.0,1.0
2020-09-05,2020-10-04,23,2,8.695652173913043,21,23,0,0,23,0.0,0.0,1.0
2020-09-06,2020-10-05,23,2,8.695652173913043,21,23,0,0,23,0.0,0.0,1.0
2020-09-07,2020-10-06,23,2,8.695652173913043,21,23,0,0,23,0.0,0.0,1.0
2020-09-08,2020-10-07,43,3,6.976744186046512,40,48,4,0,44,1.3333333333333333,0.0,1.0232558139534884
2020-09-09,2020-10-08,43,3,6.976744186046512,40,49,4,0,45,1.3333333333333333,0.0,1.0465116279069768
2020-09-10,2020-10-09,43,3,6.976744186046512,40,49,4,0,45,1.3333333333333333,0.0,1.0465116279069768
2020-09-11,2020-10-10,43,3,6.976744186046512,40,49,4,0,45,1.3333333333333333,0.0,1.0465116279069768
2020-09-12,2020-10-11,43,3,6.976744186046512,40,49,4,0,45,1.3333333333333333,0.0,1.0465116279069768
2020-09-13,2020-10-12,42,3,7.142857142857143,39,48,4,0,44,1.3333333333333333,0.0,1.0476190476190477
2020-09-14,2020-10-13,42,3,7.142857142857143,39,48,4,0,44,1.3333333333333333,0.0,1.0476190476190477
2020-09-15,2020-10-14,43,3,6.976744186046512,40,49,4,0,45,1.3333333333333333,0.0,1.0465116279069768
2020-09-16,2020-10-15,43,3,6.976744186046512,40,49,4,0,45,1.3333333333333333,0.0,1.0465116279069768
2020-09-17,2020-10-16,43,3,6.976744186046512,40,49,4,0,45,1.3333333333333333,0.0,1.0465116279069768
2020-09-18,2020-10-17,43,3,6.976744186046512,40,49,4,0,45,1.3333333333333333,0.0,1.0465116279069768
2020-09-19,2020-10-18,40,2,5.0,38,45,4,1,40,2.0,0.02631578947368421,1.0526315789473684
2020-09-20,2020-10-19,40,2,5.0,38,45,4,1,40,2.0,0.02631578947368421,1.0526315789473684
2020-09-21,2020-10-20,40,2,5.0,38,45,4,1,40,2.0,0.02631578947368421,1.0526315789473684
2020-09-22,2020-10-21,40,2,5.0,38,45,4,1,40,2.0,0.02631578947368421,1.0526315789473684
2020-09-23,2020-10-22,28,1,3.5714285714285716,27,31,4,6,21,4.0,0.2222222222222222,1.05
2020-09-24,2020-10-23,28,1,3.5714285714285716,27,31,4,6,21,4.0,0.2222222222222222,1.05
2020-09-25,2020-10-24,27,1,3.7037037037037037,26,30,4,5,21,4.0,0.19230769230769232,1.05
2020-09-26,2020-10-25,27,1,3.7037037037037037,26,30,4,5,21,4.0,0.19230769230769232,1.05
2020-09-27,2020-10-26,27,1,3.7037037037037037,26,30,4,5,21,4.0,0.19230769230769232,1.05
2020-09-28,2020-10-27,27,1,3.7037037037037037,26,30,4,5,21,4.0,0.19230769230769232,1.05
2020-09-29,2020-10-28,27,1,3.7037037037037037,26,30,4,5,21,4.0,0.19230769230769232,1.05
2020-09-30,2020-10-29,27,1,3.7037037037037037,26,30,4,5,21,4.0,0.19230769230769232,1.05
2020-10-01,2020-10-30,27,1,3.7037037037037037,26,30,4,5,21,4.0,0.19230769230769232,1.05
2020-10-02,2020-10-31,27,1,3.7037037037037037,26,30,4,5,21,4.0,0.19230769230769232,1.05
2020-10-03,2020-11-01,24,1,4.166666666666667,23,28,4,3,21,4.0,0.13043478260869565,1.05
2020-10-04,2020-11-02,24,1,4.166666666666667,23,28,4,3,21,4.0,0.13043478260869565,1.05
2020-10-05,2020-11-03,24,1,4.166666666666667,23,28,4,3,21,4.0,0.13043478260869565,1.05
2020-10-06,2020-11-04,24,1,4.166666666666667,23,28,4,3,21,4.0,0.13043478260869565,1.05
2020-10-07,2020-11-05,24,1,4.166666666666667,23,28,4,3,21,4.0,0.13043478260869565,1.05
2020-10-08,2020-11-06,5,1,20.0,4,3,0,1,2,0.0,0.25,0.6666666666666666
2020-10-09,2020-11-07,3,1,33.333333333333336,2,2,0,1,1,0.0,0.5,0.5
2020-10-10,2020-11-08,3,1,33.333333333333336,2,2,0,1,1,0.0,0.5,0.5
2020-10-11,2020-11-09,3,1,33.333333333333336,2,2,0,1,1,0.0,0.5,0.5
2020-10-12,2020-11-10,3,1,33.333333333333336,2,2,0,1,1,0.0,0.5,0.5
2020-10-13,2020-11-11,3,1,33.333333333333336,2,2,0,1,1,0.0,0.5,0.5
2020-10-14,2020-11-12,3,1,33.333333333333336,2,2,0,1,1,0.0,0.5,0.5
2020-10-15,2020-11-13,2,2,100.0,0,1,1,0,0,0.5,0.0,0.0
2020-10-16,2020-11-14,13,1,7.6923076923076925,12,12,0,0,12,0.0,0.0,0.9230769230769231
2020-10-17,2020-11-15,13,1,7.6923076923076925,12,12,0,0,12,0.0,0.0,0.9230769230769231
2020-10-18,2020-11-16,13,1,7.6923076923076925,12,12,0,0,12,0.0,0.0,0.9230769230769231
2020-10-19,2020-11-17,13,1,7.6923076923076925,12,12,0,0,12,0.0,0.0,0.9230769230769231
2020-10-20,2020-11-18,13,1,7.6923076923076925,12,12,0,0,12,0.0,0.0,0.9230769230769231
2020-10-21,2020-11-19,15,1,6.666666666666667,14,13,0,1,12,0.0,0.07142857142857142,0.9230769230769231
2020-10-22,2020-11-20,15,1,6.666666666666667,14,13,0,1,12,0.0,0.07142857142857142,0.9230769230769231
2020-10-23,2020-11-21,14,1,7.142857142857143,13,12,0,1,11,0.0,0.07692307692307693,0.9166666666666666
2020-10-24,2020-11-22,20,2,10.0,18,17,0,1,16,0.0,0.05555555555555555,0.8888888888888888
2020-10-25,2020-11-23,20,2,10.0,18,17,0,1,16,0.0,0.05555555555555555,0.8888888888888888
2020-10-26,2020-11-24,20,2,10.0,18,17,0,1,16,0.0,0.05555555555555555,0.8888888888888888
2020-10-27,2020-11-25,20,2,10.0,18,17,0,1,16,0.0,0.05555555555555555,0.8888888888888888
2020-10-28,2020-11-26,20,2,10.0,18,17,0,1,16,0.0,0.05555555555555555,0.8888888888888888
2020-10-29,2020-11-27,20,2,10.0,18,17,0,1,16,0.0,0.05555555555555555,0.8888888888888888
2020-10-30,2020-11-28,20,2,10.0,18,17,0,1,16,0.0,0.05555555555555555,0.8888888888888888
2020-10-31,2020-11-29,20,2,10.0,18,17,0,1,16,0.0,0.05555555555555555,0.8888888888888888
2020-11-01,2020-11-30,20,2,10.0,18,17,0,1,16,0.0,0.05555555555555555,0.8888888888888888
2020-11-02,2020-12-01,20,2,10.0,18,17,0,1,16,0.0,0.05555555555555555,0.8888888888888888
2020-11-03,2020-12-02,20,2,10.0,18,17,0,1,16,0.0,0.05555555555555555,0.8888888888888888
2020-11-04,2020-12-03,20,2,10.0,18,17,0,1,16,0.0,0.05555555555555555,0.8888888888888888
2020-11-05,2020-12-04,20,2,10.0,18,17,0,1,16,0.0,0.05555555555555555,0.8888888888888888
2020-11-06,2020-12-05,20,2,10.0,18,17,0,1,16,0.0,0.05555555555555555,0.8888888888888888
2020-11-07,2020-12-06,29,2,6.896551724137931,27,26,0,1,25,0.0,0.037037037037037035,0.9259259259259259
2020-11-08,2020-12-07,29,2,6.896551724137931,27,26,0,1,25,0.0,0.037037037037037035,0.9259259259259259
2020-11-09,2020-12-08,29,2,6.896551724137931,27,26,0,1,25,0.0,0.037037037037037035,0.9259259259259259
2020-11-10,2020-12-09,29,2,6.896551724137931,27,26,0,1,25,0.0,0.037037037037037035,0.9259259259259259
2020-11-11,2020-12-10,29,2,6.896551724137931,27,26,0,1,25,0.0,0.037037037037037035,0.9259259259259259
2020-11-12,2020-12-11,29,2,6.896551724137931,27,26,0,1,25,0.0,0.037037037037037035,0.9259259259259259
2020-11-13,2020-12-12,29,2,6.896551724137931,27,26,0,1,25,0.0,0.037037037037037035,0.9259259259259259
2020-11-14,2020-12-13,29,2,6.896551724137931,27,26,0,1,25,0.0,0.037037037037037035,0.9259259259259259
2020-11-15,2020-12-14,18,2,11.11111111111111,16,15,0,1,14,0.0,0.0625,0.875
2020-11-16,2020-12-15,18,2,11.11111111111111,16,15,0,1,14,0.0,0.0625,0.875
2020-11-17,2020-12-16,18,2,11.11111111111111,16,15,0,1,14,0.0,0.0625,0.875
2020-11-18,2020-12-17,18,2,11.11111111111111,16,15,0,1,14,0.0,0.0625,0.875
2020-11-19,2020-12-18,18,2,11.11111111111111,16,15,0,1,14,0.0,0.0625,0.875
2020-11-20,2020-12-19,16,2,12.5,14,14,0,0,14,0.0,0.0,0.875
2020-11-21,2020-12-20,24,2,8.333333333333334,22,22,0,0,22,0.0,0.0,0.9166666666666666
